patient_id,n_drugs,spearman
2003,102,0.7310956681047888
2005,107,0.5375608298592452
2008,115,0.5588159200494541
2010,110,0.5625797650633847
2013,103,0.7425118133397198
2014,113,0.737873444673631
2015,114,0.8271952953455428
2017,114,0.6256211903363642
2018,114,0.8150924750274404
2022,114,0.8369089325854074
2023,115,0.8403219442910125
2026,103,0.7457057505601196
2029,217,0.710879777139515
2031,115,0.45250829099453765
2032,109,0.8234083958854602
2033,121,0.8070315675382737
2034,111,0.5732976482976482
2035,121,0.8735109320947166
2036,115,0.4613360319902293
2037,121,0.8185456214373298
2038,115,0.6900339304032195
2039,16,0.5911764705882353
2041,94,0.5993873408470364
2043,109,0.5298188463441333
2044,232,0.8236218698688302
2046,121,0.6693582667640454
2047,116,0.8636220351362781
2049,116,0.8555952792834353
2050,101,0.7153606914951413
2052,119,0.8937686939182454
2054,95,0.5255127572567075
2055,230,0.6670350580635475
2057,121,0.7878603127508437
2060,115,0.9032725149400417
2061,117,0.8875076803189017
2064,111,0.8499089574912281
2066,104,0.822520244581589
2067,113,0.8768131612216383
2069,103,0.11571178319454208
2070,133,0.7362162853027808
2074,119,0.838911835920809
2077,110,0.8049726123120619
2079,103,0.897157668145675
2080,234,0.4861369752208082
2081,115,0.6491252988862936
2083,118,0.9012393245906009
2085,262,0.7702494254342958
2086,120,0.9363428015834431
2087,116,0.775004805289663
2088,115,0.8439438175649018
2097,115,0.6938451826718219
2099,98,0.7642190896977347
2101,112,0.7779256029112004
2104,108,0.69480884468452
2107,111,0.9290999673152561
2108,114,0.6285426146559429
2111,113,0.7855562579013907
2114,112,0.757087242218306
2115,111,0.6870129870129871
2116,115,0.8623046027618161
2117,84,0.8123114305963349
2119,103,0.41205591391103974
2120,120,0.6637868170645326
2121,106,0.7029901503891982
2123,99,0.6365367965367965
2126,13,0.7252747252747254
2128,114,0.3813792212367495
2131,116,0.8321191736280115
2133,110,0.8066479422183245
2134,18,0.8637770897832818
2135,98,0.42389176851621624
2138,115,0.8165525458718363
2139,117,0.6025191918962396
2140,116,0.8336511256243448
2141,91,0.7670157282608032
2145,104,0.78753834281569
2146,121,0.7483047575348334
2150,106,0.7032491447987296
2156,116,0.8411541174699687
2157,17,0.7009803921568628
2159,16,-0.1647058823529412
2160,101,0.5206616385911412
2161,121,0.7838399919832915
2168,120,0.8387819271870535
2170,101,0.8234362259755386
2172,227,0.6551411129353398
2173,116,0.5353169569061623
2175,105,0.8027161517727556
2176,67,0.5942208327158935
2177,228,0.6322325817595343
2178,66,0.16848995163677066
2179,110,0.7274665825124541
2181,106,0.5990845632801417
2182,121,0.8720227611434763
2183,119,0.8288491667853582
2186,229,0.8601069203116404
2192,139,0.7378949239495413
2194,238,0.84770090449632
2195,114,0.713733447548997
2196,109,0.3409141753375565
2201,18,0.826625386996904
2202,120,0.7209578509643341
2205,105,0.6476259589467136
2206,113,0.6974074906047547
2209,118,0.8054393993283216
2210,116,0.5669780494368201
2212,116,0.7999769346096184
2213,121,0.8782530792809627
2216,114,0.6844265697885072
2218,110,0.6842207296269732
2219,355,0.7731705534457093
2220,113,0.6996140794464037
2221,115,0.7958020989505248
2222,117,0.8007912601717393
2224,349,0.6050362592625248
2225,218,0.519785950143424
2227,109,0.7082686562149197
2228,121,0.8392034263719972
2230,114,0.7950061764646322
2232,113,0.765020959478342
2234,86,0.7726119156563988
2236,104,0.4505707884348662
2238,342,0.8061343873007151
2239,102,0.7153422937953418
2240,18,0.6243550051599587
2241,216,0.5951190847089584
2242,106,0.6188277146445194
2244,107,0.709829738043457
2245,115,0.8104237355006707
2247,121,0.7350426771440183
2248,129,0.7314089091477411
2250,112,0.631399113351301
2251,117,0.7763865785490566
2255,113,0.8028960917179343
2257,113,0.5458352568561571
2259,105,0.6621397470454075
2260,12,0.7132867132867133
2261,115,0.7666771877219286
2262,21,-0.04675324675324675
2263,109,0.903342839736554
2268,239,0.8156936879803337
2269,18,0.6346749226006192
2270,189,0.6259177725502294
2271,114,0.43379537812750096
2275,111,0.7414684228823807
2276,121,0.8671840996898015
2278,114,0.46359936007776276
2280,119,0.9067314248900302
2281,113,0.6931266218643956
2282,120,0.538236750570679
2284,255,0.8506202962897785
2285,109,0.843241690396319
2286,114,0.7149105931431118
2290,115,0.5261905748265877
2291,111,0.8957177957177956
2292,243,0.6644240659861173
2297,114,0.8145926570948342
2298,116,0.5913889209241533
2301,237,0.7864954010333378
2304,111,0.7773248800764863
2305,113,0.7140195621797859
2307,120,0.8364817001180636
2309,240,0.7159972354223357
2310,111,0.40779719517773666
2313,108,0.6650280564367849
2314,114,0.7642008059780078
2316,108,0.5158527523432086
2318,117,0.8359708672391314
2320,121,0.6562457661563471
2321,118,0.5963974891581635
2322,119,0.5725832726530808
2323,112,0.8157139440325281
2324,110,0.7696909586817843
2326,115,0.8503876429422966
2327,110,0.7515497148524671
2328,114,0.8523804702213402
2329,109,0.7869893296768025
2332,121,0.8620435039047806
2333,120,0.6906360902735501
2334,108,0.7600263893111511
2335,17,0.45098039215686275
2336,101,0.548318428419414
2337,121,0.8578580138192655
2338,110,0.6659288145526678
2340,113,0.63029809035864
2341,238,0.8628956847148362
2342,111,0.7959090550416561
2343,16,0.2676470588235294
2344,118,0.634320481778109
2346,109,0.7943369212249166
2347,119,0.8667701664524486
2348,114,0.8480630201899516
2356,114,0.7621028330734494
2363,116,0.7367945580964638
2366,224,0.6450983192435251
2367,121,0.739073296301314
2368,119,0.9107249679532832
2369,111,0.7587135837135837
2370,98,0.8700533634259701
2371,115,0.8778663299928983
2372,120,0.8365442044586429
2374,132,0.7907445142174769
2377,119,0.9058467454778523
2378,111,0.6223557001500148
2381,116,0.6394851765473794
2382,121,0.6948488017017732
2383,238,0.7787734023697757
2385,97,0.56447243845992
2386,113,0.6158977302239963
2387,130,0.8030278410021189
2390,114,0.08644488884738508
2391,101,0.43961221836415476
2393,108,0.7601531910028865
2394,218,0.6915741216683712
2395,136,0.5753259005223602
2398,102,0.5937936454981878
2399,17,0.6421568627450981
2400,110,0.5968892296724105
2402,115,0.5957953834845165
2403,112,0.7184969419482694
2407,115,0.7202398800599701
2408,116,0.8688271248990889
2409,225,0.8235071016547045
2410,16,0.8117647058823528
2411,114,0.8496564461175482
2412,107,0.6532651501792748
2414,29,0.6868069339485853
2415,103,0.7736787769626148
2417,229,0.8069421321515983
2418,104,0.6820303541942311
2419,115,0.7828745815421639
2420,114,0.8428788400396914
2422,114,0.32366320278488414
2424,109,0.6490709427291609
2426,121,0.8174569841484891
2429,223,0.5305752531955804
2431,86,0.8418227274871456
2432,114,0.8054879407059397
2433,115,0.9116231358005208
2437,112,0.850779034407353
2440,357,0.7698303051865552
2441,18,0.6449948400412797
2442,110,0.728548565245813
2444,18,0.6305469556243549
2445,112,0.755994430567358
2446,116,0.8510283319878522
2447,106,0.37426001964884004
2450,120,0.9127433345822907
2453,139,0.6878849965874647
2454,102,0.4457167745377028
2455,102,0.7657802330775625
2456,112,0.8352666826118155
2457,100,0.7375817581758175
2461,108,0.8317185401126067
2463,18,0.347781217750258
2466,113,0.7465067536096881
2468,15,0.34642857142857136
2469,115,0.4702846660085368
2471,121,0.7669231251249398
2475,231,0.6251126610730261
2478,113,0.7847993878501563
2480,103,0.7555243157756008
2481,116,0.7190988779725682
2484,109,0.7345751088870355
2485,229,0.8490072095292559
2486,95,0.3644176931690929
2489,113,0.48675466395542116
2490,91,0.5430220987780495
2491,109,0.5334321909083657
2492,108,0.39111297466300116
2494,95,0.594568868980963
2497,120,0.8197235919161052
2498,119,0.7016748000203402
2499,113,0.4322809235478076
2500,88,0.8131769431176036
2506,103,0.4590281035845649
2507,10,0.3696969696969697
2508,11,0.7000000000000001
2509,101,0.5597628414783241
2510,118,0.6683892791035134
2513,111,0.773113373113373
2517,103,0.6753796604703567
2518,114,0.863382400889563
2519,119,0.7992949476277799
2520,119,0.6743839908844894
2522,128,0.8543801270691971
2523,118,0.7846168454343928
2528,121,0.8141160690883794
2529,99,0.6658008658008657
2530,120,0.6574668898477177
2532,111,0.7516497016497016
2533,112,0.8065910411043155
2535,120,0.6775864254236642
2537,121,0.8245630673350492
2538,120,0.6185822254718426
2539,91,0.4844561235865584
2542,121,0.9257485435577832
2543,18,0.12074303405572755
2545,115,0.6547356958753183
2546,118,0.7725591952346269
2547,121,0.8865525440695494
2549,121,0.8604931581086571
2550,121,0.7979000135482995
2552,106,0.8348964276834
2553,110,0.25975483854572146
2554,17,0.3357843137254902
2556,131,0.8867565455037162
2557,116,0.7463013614386629
2558,100,0.7420424303736679
2563,116,0.8334832583708146
2566,233,0.7489788906831262
2567,56,0.17011966806163623
2568,119,0.8784839739438044
2570,114,0.8785362791357
2572,18,0.8390092879256965
2573,109,0.5961541136368151
2576,115,0.2421621623506536
2577,7,-0.1785714285714286
2593,85,0.7386698979307381
2594,117,0.7714205978773933
2595,124,0.6434092425571516
2596,117,0.8221815518408824
2600,115,0.7662668665667167
2602,6,0.942857142857143
2603,122,0.8252335429464578
2605,115,0.7963639161301619
2606,113,0.6443098432832216
2607,114,0.2616883341000121
2608,116,0.8883865759427978
2609,113,0.5696735047621347
2610,119,0.671199780523239
2612,9,0.6
2614,118,0.7181407818182568
2615,119,0.8430209371884347
2617,353,0.5604421981311037
2618,233,0.4757487547201274
2619,362,0.7326457448432546
2620,120,0.7186035044516965
2621,122,0.810309218460501
2623,122,0.698373726109731
2624,109,0.633130227447911
2625,119,0.8029767839339127
2626,8,0.8571428571428572
2628,114,0.7089059266422133
2629,116,0.2940088494805328
2630,119,0.9139367611451362
2631,116,0.7863698657798439
2632,111,0.7919399778138075
2633,119,0.7121490569994364
2634,121,0.8178637357854849
2636,121,0.5919046170790389
2638,118,0.7180034986615246
2639,118,0.6732612884271283
2640,118,0.8033569682120335
2641,112,0.6955912634587812
2643,117,0.6967060798153725
2644,119,0.6859635379575559
2645,120,0.8548649211750815
2646,115,0.7107762778682611
2647,113,0.821536695721605
2649,5,0.7
2650,107,0.816121796164935
2651,122,0.7378287549852331
2652,115,0.8104789710407954
2653,119,0.7405190509181565
2654,124,0.7260593643744069
2655,120,0.8022224542115125
2657,117,0.23798498403992266
2658,113,0.7755506021691397
2659,116,0.876982426062486
2660,121,0.70790231385662
2662,113,0.6617969047291753
2664,116,0.8742321147118749
2665,116,0.36548738783564305
2667,115,0.7392409058628582
2668,87,0.7299518845228548
2672,118,0.8657726454336624
2674,121,0.8105270288578782
2676,120,0.7411330032333967
2677,118,0.8452992670340628
2679,117,0.6593179404361675
2680,117,0.6329896543052191
2681,119,0.7146112705726759
2683,101,0.5234362259755387
2684,8,0.2380952380952381
2685,120,0.9084513400548275
2686,116,0.8469320088663801
2688,8,0.4047619047619048
2691,17,0.8725490196078433
2692,121,0.7139932156784653
2693,117,0.5487245616361774
2694,117,0.6942351571591746
2696,115,0.5806273431230805
2697,87,0.34952978056426326
2699,119,0.8815473689681523
2700,114,0.8715538364958184
2703,122,0.7830818085988744
2704,116,0.8907776880790375
2707,117,0.869254746811731
2708,112,0.8061212286876004
2709,109,0.5040822951521637
2711,115,0.5968673557957863
2713,114,0.7115570766084122
2714,119,0.8247827944737218
2715,10,0.7454545454545454
2716,118,0.5735214116648785
2717,122,0.8339242815270586
2718,119,0.6738261916293332
2719,119,0.7071571001281869
2720,102,0.7783080481586098
2723,121,0.8747474507996738
2724,116,0.713316931174508
2725,10,0.6121212121212121
2726,124,0.6487971600264477
2727,120,0.6769128197456095
2729,97,0.6371457406729564
2730,121,0.703100364281533
2731,118,0.7361960725790484
2733,111,0.3258047605685729
2734,117,0.6744718834249636
2736,119,0.6981539285165492
2737,119,0.6030480532228596
2738,106,0.4332698589361641
2739,236,0.7972234960978516
2740,119,0.8578478849166786
2741,121,0.7778938793770119
2742,9,0.2833333333333333
2743,117,0.7229741465612207
2744,117,0.7433630308098115
2746,122,0.805003784175095
2747,119,0.8565965180091573
2748,116,0.5522207940107542
2749,85,0.5648845265092165
2752,9,0.9166666666666666
2753,121,0.6614347649370002
2754,122,0.8420334345600603
2755,10,0.709090909090909
2758,113,0.7273105329695922
2759,121,0.6717924400487737
2760,10,0.6242424242424242
2763,123,0.7657324167107351
2765,10,0.7575757575757575
2766,117,0.7773677369475432
2767,120,0.8486639466510552
2768,111,0.6955991406809877
2769,112,0.7286876003690164
2771,17,0.6495098039215687
2772,110,0.5465443398890953
2773,124,0.7553044846577497
2774,116,0.3905505154354575
2775,117,0.783542387867344
2776,122,0.8364819361511593
2777,48,0.5473295701259226
2778,115,0.5029672684506009
2780,107,0.7100354630772546
2781,87,0.5145257709411678
2782,88,0.7941548120731937
2783,120,0.8150830966450934
2786,116,0.5907738438473071
2788,123,0.6021613448829776
2789,101,0.6423487752185949
2792,118,0.886012292791954
2793,121,0.8986993632299144
2796,113,0.6764367685005329
2797,118,0.7833094124220745
2798,120,0.8751918549544692
2804,121,0.8210405094160681
2805,246,0.7763530287503018
2806,124,0.7091158004937808
2811,119,0.8589435902766612
2814,122,0.8254252018200985
2815,119,0.8195392742130819
2817,120,0.8689283978054031
2818,117,0.8380733654261109
2820,122,0.7279183003144224
2823,119,0.9055469701623317
2824,115,0.6282738217555507
2825,113,0.6351151006299507
2827,119,0.8812791647912501
2829,11,0.5727272727272729
2830,117,0.8677914920654904
2831,10,0.6121212121212121
2833,122,0.7382183731654658
2834,118,0.7686062691047737
2835,256,0.7783057467634146
