beataml_drug_id,primary_name,parenthetical,pubchem_cid,canonical_smiles,isomeric_smiles,iupac_name,source
17-AAG (Tanespimycin),17-AAG,Tanespimycin,6505803,CC1CC(C(C(C=C(C(C(C=CC=C(C(=O)NC2=CC(=O)C(=C(C1)C2=O)NCC=C)C)OC)OC(=O)N)C)C)O)OC,C[C@H]1C[C@@H]([C@@H]([C@H](/C=C(/[C@@H]([C@H](/C=C\C=C(\C(=O)NC2=CC(=O)C(=C(C1)C2=O)NCC=C)/C)OC)OC(=O)N)\C)C)O)OC,"[(4E,6Z,8S,9S,10E,12S,13R,14S,16R)-13-hydroxy-8,14-dimethoxy-4,10,12,16-tetramethyl-3,20,22-trioxo-19-(prop-2-enylamino)-2-azabicyclo[16.3.1]docosa-1(21),4,6,10,18-pentaen-9-yl] carbamate",pubchem (matched on 'primary'='17-AAG')
A-674563,A-674563,,11314340,CC1=C2C=C(C=CC2=NN1)C3=CC(=CN=C3)OCC(CC4=CC=CC=C4)N,CC1=C2C=C(C=CC2=NN1)C3=CC(=CN=C3)OC[C@H](CC4=CC=CC=C4)N,(2S)-1-[[5-(3-methyl-2H-indazol-5-yl)-3-pyridinyl]oxy]-3-phenylpropan-2-amine,pubchem (matched on 'primary'='A-674563')
ABT-737,ABT-737,,11228183,CN(C)CCC(CSC1=CC=CC=C1)NC2=C(C=C(C=C2)S(=O)(=O)NC(=O)C3=CC=C(C=C3)N4CCN(CC4)CC5=CC=CC=C5C6=CC=C(C=C6)Cl)[N+](=O)[O-],CN(C)CC[C@H](CSC1=CC=CC=C1)NC2=C(C=C(C=C2)S(=O)(=O)NC(=O)C3=CC=C(C=C3)N4CCN(CC4)CC5=CC=CC=C5C6=CC=C(C=C6)Cl)[N+](=O)[O-],4-[4-[[2-(4-chlorophenyl)phenyl]methyl]piperazin-1-yl]-N-[4-[[(2R)-4-(dimethylamino)-1-phenylsulfanylbutan-2-yl]amino]-3-nitrophenyl]sulfonylbenzamide,pubchem (matched on 'primary'='ABT-737')
AGI-5198,AGI-5198,,56645356,CC1=CC=CC=C1C(C(=O)NC2CCCCC2)N(C3=CC(=CC=C3)F)C(=O)CN4C=CN=C4C,CC1=CC=CC=C1C(C(=O)NC2CCCCC2)N(C3=CC(=CC=C3)F)C(=O)CN4C=CN=C4C,N-cyclohexyl-2-(3-fluoro-N-[2-(2-methylimidazol-1-yl)acetyl]anilino)-2-(2-methylphenyl)acetamide,pubchem (matched on 'primary'='AGI-5198')
AGI-6780,AGI-6780,,71299339,C1CC1NS(=O)(=O)C2=CC(=C(C=C2)C3=CSC=C3)NC(=O)NC4=CC=CC(=C4)C(F)(F)F,C1CC1NS(=O)(=O)C2=CC(=C(C=C2)C3=CSC=C3)NC(=O)NC4=CC=CC(=C4)C(F)(F)F,1-[5-(cyclopropylsulfamoyl)-2-thiophen-3-ylphenyl]-3-[3-(trifluoromethyl)phenyl]urea,pubchem (matched on 'primary'='AGI-6780')
AKT Inhibitor IV,AKT Inhibitor IV,,5719375,CC[N+]1=C(N(C2=C1C=C(C=C2)C3=NC4=CC=CC=C4S3)C5=CC=CC=C5)C=CN(C)C6=CC=CC=C6.[I-],CC[N+]1=C(N(C2=C1C=C(C=C2)C3=NC4=CC=CC=C4S3)C5=CC=CC=C5)/C=C/N(C)C6=CC=CC=C6.[I-],"N-[(E)-2-[5-(1,3-benzothiazol-2-yl)-3-ethyl-1-phenylbenzimidazol-3-ium-2-yl]ethenyl]-N-methylaniline iodide",pubchem (matched on 'primary'='AKT Inhibitor IV')
AKT Inhibitor X,AKT Inhibitor X,,16760284,CCN(CC)CCCCN1C2=CC=CC=C2OC3=C1C=C(C=C3)Cl.Cl,CCN(CC)CCCCN1C2=CC=CC=C2OC3=C1C=C(C=C3)Cl.Cl,"4-(2-chlorophenoxazin-10-yl)-N,N-diethylbutan-1-amine;hydrochloride",pubchem (matched on 'primary'='AKT Inhibitor X')
AMPK Inhibitor,AMPK Inhibitor,,11524144,C1CCN(CC1)CCOC2=CC=C(C=C2)C3=CN4C(=C(C=N4)C5=CC=NC=C5)N=C3,C1CCN(CC1)CCOC2=CC=C(C=C2)C3=CN4C(=C(C=N4)C5=CC=NC=C5)N=C3,"6-[4-(2-piperidin-1-ylethoxy)phenyl]-3-pyridin-4-ylpyrazolo[1,5-a]pyrimidine",pubchem (matched on 'primary'='AMPK Inhibitor')
AST-487,AST-487,,11409972,CCN1CCN(CC1)CC2=C(C=C(C=C2)NC(=O)NC3=CC=C(C=C3)OC4=NC=NC(=C4)NC)C(F)(F)F,CCN1CCN(CC1)CC2=C(C=C(C=C2)NC(=O)NC3=CC=C(C=C3)OC4=NC=NC(=C4)NC)C(F)(F)F,1-[4-[(4-ethylpiperazin-1-yl)methyl]-3-(trifluoromethyl)phenyl]-3-[4-[6-(methylamino)pyrimidin-4-yl]oxyphenyl]urea,pubchem (matched on 'primary'='AST-487')
AT-101,AT-101,,3503,CC1=CC2=C(C(=C(C(=C2C(C)C)O)O)C=O)C(=C1C3=C(C4=C(C=C3C)C(=C(C(=C4C=O)O)O)C(C)C)O)O,CC1=CC2=C(C(=C(C(=C2C(C)C)O)O)C=O)C(=C1C3=C(C4=C(C=C3C)C(=C(C(=C4C=O)O)O)C(C)C)O)O,"7-(8-formyl-1,6,7-trihydroxy-3-methyl-5-propan-2-ylnaphthalen-2-yl)-2,3,8-trihydroxy-6-methyl-4-propan-2-ylnaphthalene-1-carbaldehyde","manual-fix (alias='Gossypol', cid=3503)"
AT7519,AT7519,,11338033,C1CNCCC1NC(=O)C2=C(C=NN2)NC(=O)C3=C(C=CC=C3Cl)Cl,C1CNCCC1NC(=O)C2=C(C=NN2)NC(=O)C3=C(C=CC=C3Cl)Cl,"4-[(2,6-dichlorobenzoyl)amino]-N-piperidin-4-yl-1H-pyrazole-5-carboxamide",pubchem (matched on 'primary'='AT7519')
AZD1152-HQPA (AZD2811),AZD1152-HQPA,AZD2811,16007391,CCN(CCCOC1=CC2=C(C=C1)C(=NC=N2)NC3=NNC(=C3)CC(=O)NC4=CC(=CC=C4)F)CCO,CCN(CCCOC1=CC2=C(C=C1)C(=NC=N2)NC3=NNC(=C3)CC(=O)NC4=CC(=CC=C4)F)CCO,2-[3-[[7-[3-[ethyl(2-hydroxyethyl)amino]propoxy]quinazolin-4-yl]amino]-1H-pyrazol-5-yl]-N-(3-fluorophenyl)acetamide,pubchem (matched on 'primary'='AZD1152-HQPA')
AZD1480,AZD1480,,16659841,CC1=CC(=NN1)NC2=NC(=NC=C2Cl)NC(C)C3=NC=C(C=N3)F,CC1=CC(=NN1)NC2=NC(=NC=C2Cl)N[C@@H](C)C3=NC=C(C=N3)F,"5-chloro-2-N-[(1S)-1-(5-fluoropyrimidin-2-yl)ethyl]-4-N-(5-methyl-1H-pyrazol-3-yl)pyrimidine-2,4-diamine",pubchem (matched on 'primary'='AZD1480')
Afatinib (BIBW-2992),Afatinib,BIBW-2992,10184653,CN(C)CC=CC(=O)NC1=C(C=C2C(=C1)C(=NC=N2)NC3=CC(=C(C=C3)F)Cl)OC4CCOC4,CN(C)C/C=C/C(=O)NC1=C(C=C2C(=C1)C(=NC=N2)NC3=CC(=C(C=C3)F)Cl)O[C@H]4CCOC4,(E)-N-[4-(3-chloro-4-fluoroanilino)-7-[(3S)-oxolan-3-yl]oxyquinazolin-6-yl]-4-(dimethylamino)but-2-enamide,pubchem (matched on 'primary'='Afatinib')
Alisertib (MLN8237),Alisertib,MLN8237,24771867,COC1=C(C(=CC=C1)F)C2=NCC3=CN=C(N=C3C4=C2C=C(C=C4)Cl)NC5=CC(=C(C=C5)C(=O)O)OC,COC1=C(C(=CC=C1)F)C2=NCC3=CN=C(N=C3C4=C2C=C(C=C4)Cl)NC5=CC(=C(C=C5)C(=O)O)OC,"4-[[9-chloro-7-(2-fluoro-6-methoxyphenyl)-5H-pyrimido[5,4-d][2]benzazepin-2-yl]amino]-2-methoxybenzoic acid",pubchem (matched on 'primary'='Alisertib')
Artemisinin,Artemisinin,,68827,CC1CCC2C(C(=O)OC3C24C1CCC(O3)(OO4)C)C,C[C@@H]1CC[C@H]2[C@H](C(=O)O[C@H]3[C@@]24[C@H]1CC[C@](O3)(OO4)C)C,"(1R,4S,5R,8S,9R,12S,13R)-1,5,9-trimethyl-11,14,15,16-tetraoxatetracyclo[10.3.1.04,13.08,13]hexadecan-10-one",pubchem (matched on 'primary'='Artemisinin')
Axitinib (AG-013736),Axitinib,AG-013736,6450551,CNC(=O)C1=CC=CC=C1SC2=CC3=C(C=C2)C(=NN3)C=CC4=CC=CC=N4,CNC(=O)C1=CC=CC=C1SC2=CC3=C(C=C2)C(=NN3)/C=C/C4=CC=CC=N4,N-methyl-2-[[3-[(E)-2-pyridin-2-ylethenyl]-1H-indazol-6-yl]sulfanyl]benzamide,pubchem (matched on 'primary'='Axitinib')
Azacytidine,Azacytidine,,9444,C1=NC(=NC(=O)N1C2C(C(C(O2)CO)O)O)N,C1=NC(=NC(=O)N1[C@H]2[C@@H]([C@@H]([C@H](O2)CO)O)O)N,"4-amino-1-[(2R,3R,4S,5R)-3,4-dihydroxy-5-(hydroxymethyl)oxolan-2-yl]-1,3,5-triazin-2-one",pubchem (matched on 'primary'='Azacytidine')
BEZ235,BEZ235,,11977753,CC(C)(C#N)C1=CC=C(C=C1)N2C3=C4C=C(C=CC4=NC=C3N(C2=O)C)C5=CC6=CC=CC=C6N=C5,CC(C)(C#N)C1=CC=C(C=C1)N2C3=C4C=C(C=CC4=NC=C3N(C2=O)C)C5=CC6=CC=CC=C6N=C5,"2-methyl-2-[4-(3-methyl-2-oxo-8-quinolin-3-ylimidazo[4,5-c]quinolin-1-yl)phenyl]propanenitrile",pubchem (matched on 'primary'='BEZ235')
BI-2536,BI-2536,,11364421,CCC1C(=O)N(C2=CN=C(N=C2N1C3CCCC3)NC4=C(C=C(C=C4)C(=O)NC5CCN(CC5)C)OC)C,CC[C@@H]1C(=O)N(C2=CN=C(N=C2N1C3CCCC3)NC4=C(C=C(C=C4)C(=O)NC5CCN(CC5)C)OC)C,4-[[(7R)-8-cyclopentyl-7-ethyl-5-methyl-6-oxo-7H-pteridin-2-yl]amino]-3-methoxy-N-(1-methylpiperidin-4-yl)benzamide,pubchem (matched on 'primary'='BI-2536')
BLZ945,BLZ945,,46184986,CNC(=O)C1=NC=CC(=C1)OC2=CC3=C(C=C2)N=C(S3)NC4CCCCC4O,CNC(=O)C1=NC=CC(=C1)OC2=CC3=C(C=C2)N=C(S3)N[C@@H]4CCCC[C@H]4O,"4-[[2-[[(1R,2R)-2-hydroxycyclohexyl]amino]-1,3-benzothiazol-6-yl]oxy]-N-methylpyridine-2-carboxamide",pubchem (matched on 'primary'='BLZ945')
BMS-345541,BMS-345541,,9926054,CC1=CC2=C(C=C1)N=C(C3=NC=C(N23)C)NCCN.Cl,CC1=CC2=C(C=C1)N=C(C3=NC=C(N23)C)NCCN.Cl,"N'-(1,8-dimethylimidazo[1,2-a]quinoxalin-4-yl)ethane-1,2-diamine;hydrochloride",pubchem (matched on 'primary'='BMS-345541')
BMS-754807,BMS-754807,,24785538,CC1(CCCN1C2=NN3C=CC=C3C(=N2)NC4=NNC(=C4)C5CC5)C(=O)NC6=CN=C(C=C6)F,C[C@]1(CCCN1C2=NN3C=CC=C3C(=N2)NC4=NNC(=C4)C5CC5)C(=O)NC6=CN=C(C=C6)F,"(2S)-1-[4-[(5-cyclopropyl-1H-pyrazol-3-yl)amino]pyrrolo[2,1-f][1,2,4]triazin-2-yl]-N-(6-fluoro-3-pyridinyl)-2-methylpyrrolidine-2-carboxamide",pubchem (matched on 'primary'='BMS-754807')
Baiclein,Baiclein,,5281605,C1=CC=C(C=C1)C2=CC(=O)C3=C(O2)C=C(C(=C3O)O)O,C1=CC=C(C=C1)C2=CC(=O)C3=C(O2)C=C(C(=C3O)O)O,"5,6,7-trihydroxy-2-phenylchromen-4-one","manual-fix (alias='Baicalein', cid=5281605)"
Bay 11-7085,Bay 11-7085,,5353432,CC(C)(C)C1=CC=C(C=C1)S(=O)(=O)C=CC#N,CC(C)(C)C1=CC=C(C=C1)S(=O)(=O)/C=C/C#N,(E)-3-(4-tert-butylphenyl)sulfonylprop-2-enenitrile,pubchem (matched on 'primary'='Bay 11-7085')
Birinapant,Birinapant,,49836020,CCC(C(=O)N1CC(CC1CC2=C(NC3=C2C=CC(=C3)F)C4=C(C5=C(N4)C=C(C=C5)F)CC6CC(CN6C(=O)C(CC)NC(=O)C(C)NC)O)O)NC(=O)C(C)NC,CC[C@@H](C(=O)N1C[C@H](C[C@H]1CC2=C(NC3=C2C=CC(=C3)F)C4=C(C5=C(N4)C=C(C=C5)F)C[C@@H]6C[C@@H](CN6C(=O)[C@H](CC)NC(=O)[C@H](C)NC)O)O)NC(=O)[C@H](C)NC,"(2S)-N-[(2S)-1-[(2R,4S)-2-[[6-fluoro-2-[6-fluoro-3-[[(2R,4S)-4-hydroxy-1-[(2S)-2-[[(2S)-2-(methylamino)propanoyl]amino]butanoyl]pyrrolidin-2-yl]methyl]-1H-indol-2-yl]-1H-indol-3-yl]methyl]-4-hydroxypyrrolidin-1-yl]-1-oxobutan-2-yl]-2-(methylamino)propanamide",pubchem (matched on 'primary'='Birinapant')
Bortezomib (Velcade),Bortezomib,Velcade,387447,B(C(CC(C)C)NC(=O)C(CC1=CC=CC=C1)NC(=O)C2=NC=CN=C2)(O)O,B([C@H](CC(C)C)NC(=O)[C@H](CC1=CC=CC=C1)NC(=O)C2=NC=CN=C2)(O)O,[(1R)-3-methyl-1-[[(2S)-3-phenyl-2-(pyrazine-2-carbonylamino)propanoyl]amino]butyl]boronic acid,pubchem (matched on 'primary'='Bortezomib')
Bosutinib (SKI-606),Bosutinib,SKI-606,5328940,CN1CCN(CC1)CCCOC2=C(C=C3C(=C2)N=CC(=C3NC4=CC(=C(C=C4Cl)Cl)OC)C#N)OC,CN1CCN(CC1)CCCOC2=C(C=C3C(=C2)N=CC(=C3NC4=CC(=C(C=C4Cl)Cl)OC)C#N)OC,"4-(2,4-dichloro-5-methoxyanilino)-6-methoxy-7-[3-(4-methylpiperazin-1-yl)propoxy]quinoline-3-carbonitrile",pubchem (matched on 'primary'='Bosutinib')
CHIR-99021,CHIR-99021,,9956119,CC1=CN=C(N1)C2=CN=C(N=C2C3=C(C=C(C=C3)Cl)Cl)NCCNC4=NC=C(C=C4)C#N,CC1=CN=C(N1)C2=CN=C(N=C2C3=C(C=C(C=C3)Cl)Cl)NCCNC4=NC=C(C=C4)C#N,"6-[2-[[4-(2,4-dichlorophenyl)-5-(5-methyl-1H-imidazol-2-yl)pyrimidin-2-yl]amino]ethylamino]pyridine-3-carbonitrile",pubchem (matched on 'primary'='CHIR-99021')
CI-1040 (PD184352),CI-1040,PD184352,6918454,C1CC1CONC(=O)C2=C(C(=C(C=C2)F)F)NC3=C(C=C(C=C3)I)Cl,C1CC1CONC(=O)C2=C(C(=C(C=C2)F)F)NC3=C(C=C(C=C3)I)Cl,"2-(2-chloro-4-iodoanilino)-N-(cyclopropylmethoxy)-3,4-difluorobenzamide",pubchem (matched on 'primary'='CI-1040')
CYT387,CYT387,,25062766,C1COCCN1C2=CC=C(C=C2)NC3=NC=CC(=N3)C4=CC=C(C=C4)C(=O)NCC#N,C1COCCN1C2=CC=C(C=C2)NC3=NC=CC(=N3)C4=CC=C(C=C4)C(=O)NCC#N,N-(cyanomethyl)-4-[2-(4-morpholin-4-ylanilino)pyrimidin-4-yl]benzamide,pubchem (matched on 'primary'='CYT387')
Cabozantinib,Cabozantinib,,25102847,COC1=CC2=C(C=CN=C2C=C1OC)OC3=CC=C(C=C3)NC(=O)C4(CC4)C(=O)NC5=CC=C(C=C5)F,COC1=CC2=C(C=CN=C2C=C1OC)OC3=CC=C(C=C3)NC(=O)C4(CC4)C(=O)NC5=CC=C(C=C5)F,"1-N-[4-(6,7-dimethoxyquinolin-4-yl)oxyphenyl]-1-N'-(4-fluorophenyl)cyclopropane-1,1-dicarboxamide",pubchem (matched on 'primary'='Cabozantinib')
Canertinib (CI-1033),Canertinib,CI-1033,156414,C=CC(=O)NC1=C(C=C2C(=C1)C(=NC=N2)NC3=CC(=C(C=C3)F)Cl)OCCCN4CCOCC4,C=CC(=O)NC1=C(C=C2C(=C1)C(=NC=N2)NC3=CC(=C(C=C3)F)Cl)OCCCN4CCOCC4,N-[4-(3-chloro-4-fluoroanilino)-7-(3-morpholin-4-ylpropoxy)quinazolin-6-yl]prop-2-enamide,pubchem (matched on 'primary'='Canertinib')
Cediranib (AZD2171),Cediranib,AZD2171,9933475,CC1=CC2=C(N1)C=CC(=C2F)OC3=NC=NC4=CC(=C(C=C43)OC)OCCCN5CCCC5,CC1=CC2=C(N1)C=CC(=C2F)OC3=NC=NC4=CC(=C(C=C43)OC)OCCCN5CCCC5,4-[(4-fluoro-2-methyl-1H-indol-5-yl)oxy]-6-methoxy-7-(3-pyrrolidin-1-ylpropoxy)quinazoline,pubchem (matched on 'primary'='Cediranib')
Crenolanib,Crenolanib,,10366136,CC1(COC1)COC2=CC3=C(C=C2)N(C=N3)C4=NC5=C(C=CC=C5N6CCC(CC6)N)C=C4,CC1(COC1)COC2=CC3=C(C=C2)N(C=N3)C4=NC5=C(C=CC=C5N6CCC(CC6)N)C=C4,1-[2-[5-[(3-methyloxetan-3-yl)methoxy]benzimidazol-1-yl]quinolin-8-yl]piperidin-4-amine,pubchem (matched on 'primary'='Crenolanib')
Crizotinib (PF-2341066),Crizotinib,PF-2341066,11626560,CC(C1=C(C=CC(=C1Cl)F)Cl)OC2=C(N=CC(=C2)C3=CN(N=C3)C4CCNCC4)N,C[C@H](C1=C(C=CC(=C1Cl)F)Cl)OC2=C(N=CC(=C2)C3=CN(N=C3)C4CCNCC4)N,"3-[(1R)-1-(2,6-dichloro-3-fluorophenyl)ethoxy]-5-(1-piperidin-4-ylpyrazol-4-yl)pyridin-2-amine",pubchem (matched on 'primary'='Crizotinib')
Cytarabine,Cytarabine,,6253,C1=CN(C(=O)N=C1N)C2C(C(C(O2)CO)O)O,C1=CN(C(=O)N=C1N)[C@H]2[C@H]([C@@H]([C@H](O2)CO)O)O,"4-amino-1-[(2R,3S,4S,5R)-3,4-dihydroxy-5-(hydroxymethyl)oxolan-2-yl]pyrimidin-2-one",pubchem (matched on 'primary'='Cytarabine')
DBZ,DBZ,,11454028,CC(C(=O)NC1C2=CC=CC=C2C3=CC=CC=C3N(C1=O)C)NC(=O)CC4=CC(=CC(=C4)F)F,C[C@@H](C(=O)N[C@H]1C2=CC=CC=C2C3=CC=CC=C3N(C1=O)C)NC(=O)CC4=CC(=CC(=C4)F)F,"(2S)-2-[[2-(3,5-difluorophenyl)acetyl]amino]-N-[(7S)-5-methyl-6-oxo-7H-benzo[d][1]benzazepin-7-yl]propanamide",pubchem (matched on 'primary'='DBZ')
Dasatinib,Dasatinib,,3062316,CC1=C(C(=CC=C1)Cl)NC(=O)C2=CN=C(S2)NC3=CC(=NC(=N3)C)N4CCN(CC4)CCO,CC1=C(C(=CC=C1)Cl)NC(=O)C2=CN=C(S2)NC3=CC(=NC(=N3)C)N4CCN(CC4)CCO,"N-(2-chloro-6-methylphenyl)-2-[[6-[4-(2-hydroxyethyl)piperazin-1-yl]-2-methylpyrimidin-4-yl]amino]-1,3-thiazole-5-carboxamide",pubchem (matched on 'primary'='Dasatinib')
Doramapimod (BIRB 796),Doramapimod,BIRB 796,156422,CC1=CC=C(C=C1)N2C(=CC(=N2)C(C)(C)C)NC(=O)NC3=CC=C(C4=CC=CC=C43)OCCN5CCOCC5,CC1=CC=C(C=C1)N2C(=CC(=N2)C(C)(C)C)NC(=O)NC3=CC=C(C4=CC=CC=C43)OCCN5CCOCC5,1-[3-tert-butyl-1-(4-methylphenyl)pyrazol-5-yl]-3-[4-(2-morpholin-4-ylethoxy)naphthalen-1-yl]urea,pubchem (matched on 'primary'='Doramapimod')
Dovitinib (CHIR-258),Dovitinib,CHIR-258,135398510,CN1CCN(CC1)C2=CC3=C(C=C2)N=C(N3)C4=C(C5=C(C=CC=C5F)NC4=O)N,CN1CCN(CC1)C2=CC3=C(C=C2)N=C(N3)C4=C(C5=C(C=CC=C5F)NC4=O)N,4-amino-5-fluoro-3-[6-(4-methylpiperazin-1-yl)-1H-benzimidazol-2-yl]-1H-quinolin-2-one,pubchem (matched on 'primary'='Dovitinib')
Elesclomol,Elesclomol,,300471,CN(C(=S)C1=CC=CC=C1)NC(=O)CC(=O)NN(C)C(=S)C2=CC=CC=C2,CN(C(=S)C1=CC=CC=C1)NC(=O)CC(=O)NN(C)C(=S)C2=CC=CC=C2,"1-N',3-N'-bis(benzenecarbonothioyl)-1-N',3-N'-dimethylpropanedihydrazide",pubchem (matched on 'primary'='Elesclomol')
Entospletinib (GS-9973),Entospletinib,GS-9973,59473233,C1COCCN1C2=CC=C(C=C2)NC3=NC(=CN4C3=NC=C4)C5=CC6=C(C=C5)C=NN6,C1COCCN1C2=CC=C(C=C2)NC3=NC(=CN4C3=NC=C4)C5=CC6=C(C=C5)C=NN6,"6-(1H-indazol-6-yl)-N-(4-morpholin-4-ylphenyl)imidazo[1,2-a]pyrazin-8-amine",pubchem (matched on 'primary'='Entospletinib')
Entrectinib,Entrectinib,,25141092,CN1CCN(CC1)C2=CC(=C(C=C2)C(=O)NC3=NNC4=C3C=C(C=C4)CC5=CC(=CC(=C5)F)F)NC6CCOCC6,CN1CCN(CC1)C2=CC(=C(C=C2)C(=O)NC3=NNC4=C3C=C(C=C4)CC5=CC(=CC(=C5)F)F)NC6CCOCC6,"N-[5-[(3,5-difluorophenyl)methyl]-1H-indazol-3-yl]-4-(4-methylpiperazin-1-yl)-2-(oxan-4-ylamino)benzamide",pubchem (matched on 'primary'='Entrectinib')
Erlotinib,Erlotinib,,176870,COCCOC1=C(C=C2C(=C1)C(=NC=N2)NC3=CC=CC(=C3)C#C)OCCOC,COCCOC1=C(C=C2C(=C1)C(=NC=N2)NC3=CC=CC(=C3)C#C)OCCOC,"N-(3-ethynylphenyl)-6,7-bis(2-methoxyethoxy)quinazolin-4-amine",pubchem (matched on 'primary'='Erlotinib')
Etomoxir,Etomoxir,,9840324,CCOC(=O)C1(CO1)CCCCCCOC2=CC=C(C=C2)Cl,CCOC(=O)[C@]1(CO1)CCCCCCOC2=CC=C(C=C2)Cl,ethyl (2R)-2-[6-(4-chlorophenoxy)hexyl]oxirane-2-carboxylate,pubchem (matched on 'primary'='Etomoxir')
Flavopiridol,Flavopiridol,,5287969,CN1CCC(C(C1)O)C2=C(C=C(C3=C2OC(=CC3=O)C4=CC=CC=C4Cl)O)O,CN1CC[C@@H]([C@@H](C1)O)C2=C(C=C(C3=C2OC(=CC3=O)C4=CC=CC=C4Cl)O)O,"2-(2-chlorophenyl)-5,7-dihydroxy-8-[(3S,4R)-3-hydroxy-1-methylpiperidin-4-yl]chromen-4-one",pubchem (matched on 'primary'='Flavopiridol')
Foretinib (XL880),Foretinib,XL880,42642645,COC1=CC2=C(C=CN=C2C=C1OCCCN3CCOCC3)OC4=C(C=C(C=C4)NC(=O)C5(CC5)C(=O)NC6=CC=C(C=C6)F)F,COC1=CC2=C(C=CN=C2C=C1OCCCN3CCOCC3)OC4=C(C=C(C=C4)NC(=O)C5(CC5)C(=O)NC6=CC=C(C=C6)F)F,"1-N'-[3-fluoro-4-[6-methoxy-7-(3-morpholin-4-ylpropoxy)quinolin-4-yl]oxyphenyl]-1-N-(4-fluorophenyl)cyclopropane-1,1-dicarboxamide",pubchem (matched on 'primary'='Foretinib')
GDC-0879,GDC-0879,,11717001,C1CC(=NO)C2=C1C=C(C=C2)C3=CN(N=C3C4=CC=NC=C4)CCO,C1C/C(=N\O)/C2=C1C=C(C=C2)C3=CN(N=C3C4=CC=NC=C4)CCO,"2-[4-[(1E)-1-hydroxyimino-2,3-dihydroinden-5-yl]-3-pyridin-4-ylpyrazol-1-yl]ethanol",pubchem (matched on 'primary'='GDC-0879')
GDC-0941,GDC-0941,,17755052,CS(=O)(=O)N1CCN(CC1)CC2=CC3=C(S2)C(=NC(=N3)C4=C5C=NNC5=CC=C4)N6CCOCC6,CS(=O)(=O)N1CCN(CC1)CC2=CC3=C(S2)C(=NC(=N3)C4=C5C=NNC5=CC=C4)N6CCOCC6,"4-[2-(1H-indazol-4-yl)-6-[(4-methylsulfonylpiperazin-1-yl)methyl]thieno[3,2-d]pyrimidin-4-yl]morpholine",pubchem (matched on 'primary'='GDC-0941')
GSK-1838705A,GSK-1838705A,,25113169,CNC(=O)C1=C(C=CC=C1F)NC2=NC(=NC3=C2C=CN3)NC4=C(C=C5C=CN(C5=C4)C(=O)CN(C)C)OC,CNC(=O)C1=C(C=CC=C1F)NC2=NC(=NC3=C2C=CN3)NC4=C(C=C5C=CN(C5=C4)C(=O)CN(C)C)OC,"2-[[2-[[1-[2-(dimethylamino)acetyl]-5-methoxyindol-6-yl]amino]-7H-pyrrolo[2,3-d]pyrimidin-4-yl]amino]-6-fluoro-N-methylbenzamide",pubchem (matched on 'primary'='GSK-1838705A')
GSK-1904529A,GSK-1904529A,,25124816,CCC1=CC(=C(C=C1N2CCC(CC2)N3CCN(CC3)S(=O)(=O)C)OC)NC4=NC=CC(=N4)C5=C(N=C6N5C=CC=C6)C7=CC(=C(C=C7)OC)C(=O)NC8=C(C=CC=C8F)F,CCC1=CC(=C(C=C1N2CCC(CC2)N3CCN(CC3)S(=O)(=O)C)OC)NC4=NC=CC(=N4)C5=C(N=C6N5C=CC=C6)C7=CC(=C(C=C7)OC)C(=O)NC8=C(C=CC=C8F)F,"N-(2,6-difluorophenyl)-5-[3-[2-[5-ethyl-2-methoxy-4-[4-(4-methylsulfonylpiperazin-1-yl)piperidin-1-yl]anilino]pyrimidin-4-yl]imidazo[1,2-a]pyridin-2-yl]-2-methoxybenzamide",pubchem (matched on 'primary'='GSK-1904529A')
GSK-2879552,GSK-2879552,,66571643,C1CN(CCC1CNC2CC2C3=CC=CC=C3)CC4=CC=C(C=C4)C(=O)O,C1CN(CCC1CN[C@@H]2C[C@H]2C3=CC=CC=C3)CC4=CC=C(C=C4)C(=O)O,"4-[[4-[[[(1R,2S)-2-phenylcyclopropyl]amino]methyl]piperidin-1-yl]methyl]benzoic acid",pubchem (matched on 'primary'='GSK-2879552')
GSK690693,GSK690693,,16725726,CCN1C2=C(C(=NC=C2OCC3CCCNC3)C#CC(C)(C)O)N=C1C4=NON=C4N,CCN1C2=C(C(=NC=C2OC[C@H]3CCCNC3)C#CC(C)(C)O)N=C1C4=NON=C4N,"4-[2-(4-amino-1,2,5-oxadiazol-3-yl)-1-ethyl-7-[[(3S)-piperidin-3-yl]methoxy]imidazo[4,5-c]pyridin-4-yl]-2-methylbut-3-yn-2-ol",pubchem (matched on 'primary'='GSK690693')
GW-2580,GW-2580,,11617559,COC1=CC=C(C=C1)COC2=C(C=C(C=C2)CC3=CN=C(N=C3N)N)OC,COC1=CC=C(C=C1)COC2=C(C=C(C=C2)CC3=CN=C(N=C3N)N)OC,"5-[[3-methoxy-4-[(4-methoxyphenyl)methoxy]phenyl]methyl]pyrimidine-2,4-diamine",pubchem (matched on 'primary'='GW-2580')
Gefitinib,Gefitinib,,123631,COC1=C(C=C2C(=C1)N=CN=C2NC3=CC(=C(C=C3)F)Cl)OCCCN4CCOCC4,COC1=C(C=C2C(=C1)N=CN=C2NC3=CC(=C(C=C3)F)Cl)OCCCN4CCOCC4,N-(3-chloro-4-fluorophenyl)-7-methoxy-6-(3-morpholin-4-ylpropoxy)quinazolin-4-amine,pubchem (matched on 'primary'='Gefitinib')
Gilteritinib,Gilteritinib,,49803313,CCC1=C(N=C(C(=N1)C(=O)N)NC2=CC(=C(C=C2)N3CCC(CC3)N4CCN(CC4)C)OC)NC5CCOCC5,CCC1=C(N=C(C(=N1)C(=O)N)NC2=CC(=C(C=C2)N3CCC(CC3)N4CCN(CC4)C)OC)NC5CCOCC5,6-ethyl-3-[3-methoxy-4-[4-(4-methylpiperazin-1-yl)piperidin-1-yl]anilino]-5-(oxan-4-ylamino)pyrazine-2-carboxamide,pubchem (matched on 'primary'='Gilteritinib')
Go6976,Go6976,,3501,CN1C2=CC=CC=C2C3=C4C(=C5C6=CC=CC=C6N(C5=C31)CCC#N)CNC4=O,CN1C2=CC=CC=C2C3=C4C(=C5C6=CC=CC=C6N(C5=C31)CCC#N)CNC4=O,"3-(23-methyl-14-oxo-3,13,23-triazahexacyclo[14.7.0.02,10.04,9.011,15.017,22]tricosa-1,4,6,8,10,15,17,19,21-nonaen-3-yl)propanenitrile",pubchem (matched on 'primary'='Go6976')
H-89,H-89,,449241,C1=CC2=C(C=CN=C2)C(=C1)S(=O)(=O)NCCNCC=CC3=CC=C(C=C3)Br,C1=CC2=C(C=CN=C2)C(=C1)S(=O)(=O)NCCNC/C=C/C3=CC=C(C=C3)Br,N-[2-[[(E)-3-(4-bromophenyl)prop-2-enyl]amino]ethyl]isoquinoline-5-sulfonamide,pubchem (matched on 'primary'='H-89')
INK-128,INK-128,,45375953,CC(C)N1C2=NC=NC(=C2C(=N1)C3=CC4=C(C=C3)OC(=N4)N)N,CC(C)N1C2=NC=NC(=C2C(=N1)C3=CC4=C(C=C3)OC(=N4)N)N,"5-(4-amino-1-propan-2-ylpyrazolo[3,4-d]pyrimidin-3-yl)-1,3-benzoxazol-2-amine",pubchem (matched on 'primary'='INK-128')
Ibrutinib (PCI-32765),Ibrutinib,PCI-32765,24821094,C=CC(=O)N1CCCC(C1)N2C3=NC=NC(=C3C(=N2)C4=CC=C(C=C4)OC5=CC=CC=C5)N,C=CC(=O)N1CCC[C@H](C1)N2C3=NC=NC(=C3C(=N2)C4=CC=C(C=C4)OC5=CC=CC=C5)N,"1-[(3R)-3-[4-amino-3-(4-phenoxyphenyl)pyrazolo[3,4-d]pyrimidin-1-yl]piperidin-1-yl]prop-2-en-1-one",pubchem (matched on 'primary'='Ibrutinib')
Idelalisib,Idelalisib,,11625818,CCC(C1=NC2=C(C(=CC=C2)F)C(=O)N1C3=CC=CC=C3)NC4=NC=NC5=C4NC=N5,CC[C@@H](C1=NC2=C(C(=CC=C2)F)C(=O)N1C3=CC=CC=C3)NC4=NC=NC5=C4NC=N5,5-fluoro-3-phenyl-2-[(1S)-1-(7H-purin-6-ylamino)propyl]quinazolin-4-one,pubchem (matched on 'primary'='Idelalisib')
Imatinib,Imatinib,,5291,CC1=C(C=C(C=C1)NC(=O)C2=CC=C(C=C2)CN3CCN(CC3)C)NC4=NC=CC(=N4)C5=CN=CC=C5,CC1=C(C=C(C=C1)NC(=O)C2=CC=C(C=C2)CN3CCN(CC3)C)NC4=NC=CC(=N4)C5=CN=CC=C5,4-[(4-methylpiperazin-1-yl)methyl]-N-[4-methyl-3-[(4-pyridin-3-ylpyrimidin-2-yl)amino]phenyl]benzamide,pubchem (matched on 'primary'='Imatinib')
Indisulam,Indisulam,,216468,C1=CC2=C(C(=C1)NS(=O)(=O)C3=CC=C(C=C3)S(=O)(=O)N)NC=C2Cl,C1=CC2=C(C(=C1)NS(=O)(=O)C3=CC=C(C=C3)S(=O)(=O)N)NC=C2Cl,"4-N-(3-chloro-1H-indol-7-yl)benzene-1,4-disulfonamide",pubchem (matched on 'primary'='Indisulam')
JAK Inhibitor I,JAK Inhibitor I,,5494425,CC(C)(C)C1=NC2=C(N1)C3=C(C=C(C=C3)F)C4=C2C=CNC4=O,CC(C)(C)C1=NC2=C(N1)C3=C(C=C(C=C3)F)C4=C2C=CNC4=O,"4-tert-butyl-15-fluoro-3,5,10-triazatetracyclo[11.4.0.02,6.07,12]heptadeca-1(13),2(6),4,7(12),8,14,16-heptaen-11-one",pubchem (matched on 'primary'='JAK Inhibitor I')
JNJ-28312141,JNJ-28312141,,44551653,CN(C)CC(=O)N1CCC(CC1)C2=CC(=C(C=C2)NC(=O)C3=NC=C(N3)C#N)C4=CCCCC4.Cl,CN(C)CC(=O)N1CCC(CC1)C2=CC(=C(C=C2)NC(=O)C3=NC=C(N3)C#N)C4=CCCCC4.Cl,5-cyano-N-[2-(cyclohexen-1-yl)-4-[1-[2-(dimethylamino)acetyl]piperidin-4-yl]phenyl]-1H-imidazole-2-carboxamide;hydrochloride,pubchem (matched on 'primary'='JNJ-28312141')
JNJ-38877605,JNJ-38877605,,46911863,CN1C=C(C=N1)C2=NN3C(=NN=C3C(C4=CC5=C(C=C4)N=CC=C5)(F)F)C=C2,CN1C=C(C=N1)C2=NN3C(=NN=C3C(C4=CC5=C(C=C4)N=CC=C5)(F)F)C=C2,"6-[difluoro-[6-(1-methylpyrazol-4-yl)-[1,2,4]triazolo[4,3-b]pyridazin-3-yl]methyl]quinoline",pubchem (matched on 'primary'='JNJ-38877605')
JNJ-7706621,JNJ-7706621,,5330790,C1=CC(=C(C(=C1)F)C(=O)N2C(=NC(=N2)NC3=CC=C(C=C3)S(=O)(=O)N)N)F,C1=CC(=C(C(=C1)F)C(=O)N2C(=NC(=N2)NC3=CC=C(C=C3)S(=O)(=O)N)N)F,"4-[[5-amino-1-(2,6-difluorobenzoyl)-1,2,4-triazol-3-yl]amino]benzenesulfonamide",pubchem (matched on 'primary'='JNJ-7706621')
JNK Inhibitor II,JNK Inhibitor II,,8515,C1=CC=C2C(=C1)C3=NNC4=CC=CC(=C43)C2=O,C1=CC=C2C(=C1)C3=NNC4=CC=CC(=C43)C2=O,"14,15-diazatetracyclo[7.6.1.02,7.013,16]hexadeca-1(15),2,4,6,9(16),10,12-heptaen-8-one",pubchem (matched on 'primary'='JNK Inhibitor II')
JQ1,JQ1,,46907787,CC1=C(SC2=C1C(=NC(C3=NN=C(N32)C)CC(=O)OC(C)(C)C)C4=CC=C(C=C4)Cl)C,CC1=C(SC2=C1C(=N[C@H](C3=NN=C(N32)C)CC(=O)OC(C)(C)C)C4=CC=C(C=C4)Cl)C,"tert-butyl 2-[(9S)-7-(4-chlorophenyl)-4,5,13-trimethyl-3-thia-1,8,11,12-tetrazatricyclo[8.3.0.02,6]trideca-2(6),4,7,10,12-pentaen-9-yl]acetate",pubchem (matched on 'primary'='JQ1')
KI20227,KI20227,,9869779,CC(C1=NC=CS1)NC(=O)NC2=C(C=C(C=C2)OC3=C4C=C(C(=CC4=NC=C3)OC)OC)OC,CC(C1=NC=CS1)NC(=O)NC2=C(C=C(C=C2)OC3=C4C=C(C(=CC4=NC=C3)OC)OC)OC,"1-[4-(6,7-dimethoxyquinolin-4-yl)oxy-2-methoxyphenyl]-3-[1-(1,3-thiazol-2-yl)ethyl]urea",pubchem (matched on 'primary'='KI20227')
KN92,KN92,,5353702,CN(CC=CC1=CC=C(C=C1)Cl)CC2=CC=CC=C2NS(=O)(=O)C3=CC=C(C=C3)OC,CN(C/C=C/C1=CC=C(C=C1)Cl)CC2=CC=CC=C2NS(=O)(=O)C3=CC=C(C=C3)OC,N-[2-[[[(E)-3-(4-chlorophenyl)prop-2-enyl]-methylamino]methyl]phenyl]-4-methoxybenzenesulfonamide,pubchem (matched on 'primary'='KN92')
KN93,KN93,,5312122,CN(CC=CC1=CC=C(C=C1)Cl)CC2=CC=CC=C2N(CCO)S(=O)(=O)C3=CC=C(C=C3)OC,CN(C/C=C/C1=CC=C(C=C1)Cl)CC2=CC=CC=C2N(CCO)S(=O)(=O)C3=CC=C(C=C3)OC,N-[2-[[[(E)-3-(4-chlorophenyl)prop-2-enyl]-methylamino]methyl]phenyl]-N-(2-hydroxyethyl)-4-methoxybenzenesulfonamide,pubchem (matched on 'primary'='KN93')
KU-55933,KU-55933,,5278396,C1COCCN1C2=CC(=O)C=C(O2)C3=C4C(=CC=C3)SC5=CC=CC=C5S4,C1COCCN1C2=CC(=O)C=C(O2)C3=C4C(=CC=C3)SC5=CC=CC=C5S4,2-morpholin-4-yl-6-thianthren-1-ylpyran-4-one,pubchem (matched on 'primary'='KU-55933')
KW-2449,KW-2449,,11427553,C1CN(CCN1)C(=O)C2=CC=C(C=C2)C=CC3=NNC4=CC=CC=C43,C1CN(CCN1)C(=O)C2=CC=C(C=C2)/C=C/C3=NNC4=CC=CC=C43,[4-[(E)-2-(1H-indazol-3-yl)ethenyl]phenyl]-piperazin-1-ylmethanone,pubchem (matched on 'primary'='KW-2449')
LY-333531,LY-333531,,153999,CN(C)CC1CCN2C=C(C3=CC=CC=C32)C4=C(C5=CN(CCO1)C6=CC=CC=C65)C(=O)NC4=O,CN(C)C[C@@H]1CCN2C=C(C3=CC=CC=C32)C4=C(C5=CN(CCO1)C6=CC=CC=C65)C(=O)NC4=O,"(18S)-18-[(dimethylamino)methyl]-17-oxa-4,14,21-triazahexacyclo[19.6.1.17,14.02,6.08,13.022,27]nonacosa-1(28),2(6),7(29),8,10,12,22,24,26-nonaene-3,5-dione",pubchem (matched on 'primary'='LY-333531')
LY294002,LY294002,,3973,C1COCCN1C2=CC(=O)C3=C(O2)C(=CC=C3)C4=CC=CC=C4,C1COCCN1C2=CC(=O)C3=C(O2)C(=CC=C3)C4=CC=CC=C4,2-morpholin-4-yl-8-phenylchromen-4-one,pubchem (matched on 'primary'='LY294002')
Lapatinib,Lapatinib,,208908,CS(=O)(=O)CCNCC1=CC=C(O1)C2=CC3=C(C=C2)N=CN=C3NC4=CC(=C(C=C4)OCC5=CC(=CC=C5)F)Cl,CS(=O)(=O)CCNCC1=CC=C(O1)C2=CC3=C(C=C2)N=CN=C3NC4=CC(=C(C=C4)OCC5=CC(=CC=C5)F)Cl,N-[3-chloro-4-[(3-fluorophenyl)methoxy]phenyl]-6-[5-[(2-methylsulfonylethylamino)methyl]furan-2-yl]quinazolin-4-amine,pubchem (matched on 'primary'='Lapatinib')
Lenalidomide,Lenalidomide,,216326,C1CC(=O)NC(=O)C1N2CC3=C(C2=O)C=CC=C3N,C1CC(=O)NC(=O)C1N2CC3=C(C2=O)C=CC=C3N,"3-(7-amino-3-oxo-1H-isoindol-2-yl)piperidine-2,6-dione",pubchem (matched on 'primary'='Lenalidomide')
Lenvatinib,Lenvatinib,,9823820,COC1=CC2=NC=CC(=C2C=C1C(=O)N)OC3=CC(=C(C=C3)NC(=O)NC4CC4)Cl,COC1=CC2=NC=CC(=C2C=C1C(=O)N)OC3=CC(=C(C=C3)NC(=O)NC4CC4)Cl,4-[3-chloro-4-(cyclopropylcarbamoylamino)phenoxy]-7-methoxyquinoline-6-carboxamide,pubchem (matched on 'primary'='Lenvatinib')
Lestaurtinib (CEP-701),Lestaurtinib,CEP-701,126565,CC12C(CC(O1)N3C4=CC=CC=C4C5=C6C(=C7C8=CC=CC=C8N2C7=C53)CNC6=O)(CO)O,C[C@@]12[C@](C[C@@H](O1)N3C4=CC=CC=C4C5=C6C(=C7C8=CC=CC=C8N2C7=C53)CNC6=O)(CO)O,"(15S,16S,18R)-16-hydroxy-16-(hydroxymethyl)-15-methyl-28-oxa-4,14,19-triazaoctacyclo[12.11.2.115,18.02,6.07,27.08,13.019,26.020,25]octacosa-1,6,8,10,12,20,22,24,26-nonaen-3-one",pubchem (matched on 'primary'='Lestaurtinib')
Linifanib (ABT-869),Linifanib,ABT-869,11485656,CC1=CC(=C(C=C1)F)NC(=O)NC2=CC=C(C=C2)C3=C4C(=CC=C3)NN=C4N,CC1=CC(=C(C=C1)F)NC(=O)NC2=CC=C(C=C2)C3=C4C(=CC=C3)NN=C4N,1-[4-(3-amino-1H-indazol-4-yl)phenyl]-3-(2-fluoro-5-methylphenyl)urea,pubchem (matched on 'primary'='Linifanib')
Lovastatin,Lovastatin,,53232,CCC(C)C(=O)OC1CC(C=C2C1C(C(C=C2)C)CCC3CC(CC(=O)O3)O)C,CC[C@H](C)C(=O)O[C@H]1C[C@H](C=C2[C@H]1[C@H]([C@H](C=C2)C)CC[C@@H]3C[C@H](CC(=O)O3)O)C,"[(1S,3R,7S,8S,8aR)-8-[2-[(2R,4R)-4-hydroxy-6-oxooxan-2-yl]ethyl]-3,7-dimethyl-1,2,3,7,8,8a-hexahydronaphthalen-1-yl] (2S)-2-methylbutanoate",pubchem (matched on 'primary'='Lovastatin')
MEK1/2 Inhibitor,MEK1/2 Inhibitor,,3006531,C1=CC=C(C(=C1)N)SC(=C(C#N)C(=C(N)SC2=CC=CC=C2N)C#N)N,C1=CC=C(C(=C1)N)S/C(=C(/C(=C(/SC2=CC=CC=C2N)\N)/C#N)\C#N)/N,"(2Z,3Z)-2,3-bis[amino-(2-aminophenyl)sulfanylmethylidene]butanedinitrile","manual-fix (alias='U0126', cid=3006531)"
MGCD-265,MGCD-265,,24901704,CN1C=C(N=C1)C2=CC3=NC=CC(=C3S2)OC4=C(C=C(C=C4)NC(=S)NC(=O)CC5=CC=CC=C5)F,CN1C=C(N=C1)C2=CC3=NC=CC(=C3S2)OC4=C(C=C(C=C4)NC(=S)NC(=O)CC5=CC=CC=C5)F,"N-[[3-fluoro-4-[2-(1-methylimidazol-4-yl)thieno[3,2-b]pyridin-7-yl]oxyphenyl]carbamothioyl]-2-phenylacetamide",pubchem (matched on 'primary'='MGCD-265')
MK-2206,MK-2206,,24964624,C1CC(C1)(C2=CC=C(C=C2)C3=C(C=C4C(=N3)C=CN5C4=NNC5=O)C6=CC=CC=C6)N,C1CC(C1)(C2=CC=C(C=C2)C3=C(C=C4C(=N3)C=CN5C4=NNC5=O)C6=CC=CC=C6)N,"8-[4-(1-aminocyclobutyl)phenyl]-9-phenyl-2H-[1,2,4]triazolo[3,4-f][1,6]naphthyridin-3-one",pubchem (matched on 'primary'='MK-2206')
MLN120B,MLN120B,,9929127,CC1=C(C=CC=N1)C(=O)NC2=C3C(=CC(=C2OC)Cl)C4=C(N3)C=NC=C4,CC1=C(C=CC=N1)C(=O)NC2=C3C(=CC(=C2OC)Cl)C4=C(N3)C=NC=C4,"N-(6-chloro-7-methoxy-9H-pyrido[3,4-b]indol-8-yl)-2-methylpyridine-3-carboxamide",pubchem (matched on 'primary'='MLN120B')
MLN8054,MLN8054,,11712649,C1C2=CN=C(N=C2C3=C(C=C(C=C3)Cl)C(=N1)C4=C(C=CC=C4F)F)NC5=CC=C(C=C5)C(=O)O,C1C2=CN=C(N=C2C3=C(C=C(C=C3)Cl)C(=N1)C4=C(C=CC=C4F)F)NC5=CC=C(C=C5)C(=O)O,"4-[[9-chloro-7-(2,6-difluorophenyl)-5H-pyrimido[5,4-d][2]benzazepin-2-yl]amino]benzoic acid",pubchem (matched on 'primary'='MLN8054')
Masitinib (AB-1010),Masitinib,AB-1010,10074640,CC1=C(C=C(C=C1)NC(=O)C2=CC=C(C=C2)CN3CCN(CC3)C)NC4=NC(=CS4)C5=CN=CC=C5,CC1=C(C=C(C=C1)NC(=O)C2=CC=C(C=C2)CN3CCN(CC3)C)NC4=NC(=CS4)C5=CN=CC=C5,"4-[(4-methylpiperazin-1-yl)methyl]-N-[4-methyl-3-[(4-pyridin-3-yl-1,3-thiazol-2-yl)amino]phenyl]benzamide",pubchem (matched on 'primary'='Masitinib')
Metformin,Metformin,,4091,CN(C)C(=N)N=C(N)N,CN(C)C(=N)N=C(N)N,"3-(diaminomethylidene)-1,1-dimethylguanidine",pubchem (matched on 'primary'='Metformin')
Midostaurin,Midostaurin,,9829523,CC12C(C(CC(O1)N3C4=CC=CC=C4C5=C6C(=C7C8=CC=CC=C8N2C7=C53)CNC6=O)N(C)C(=O)C9=CC=CC=C9)OC,C[C@@]12[C@@H]([C@@H](C[C@@H](O1)N3C4=CC=CC=C4C5=C6C(=C7C8=CC=CC=C8N2C7=C53)CNC6=O)N(C)C(=O)C9=CC=CC=C9)OC,"N-[(2S,3R,4R,6R)-3-methoxy-2-methyl-16-oxo-29-oxa-1,7,17-triazaoctacyclo[12.12.2.12,6.07,28.08,13.015,19.020,27.021,26]nonacosa-8,10,12,14,19,21,23,25,27-nonaen-4-yl]-N-methylbenzamide",pubchem (matched on 'primary'='Midostaurin')
Motesanib (AMG-706),Motesanib,AMG-706,11667893,CC1(CNC2=C1C=CC(=C2)NC(=O)C3=C(N=CC=C3)NCC4=CC=NC=C4)C,CC1(CNC2=C1C=CC(=C2)NC(=O)C3=C(N=CC=C3)NCC4=CC=NC=C4)C,"N-(3,3-dimethyl-1,2-dihydroindol-6-yl)-2-(pyridin-4-ylmethylamino)pyridine-3-carboxamide",pubchem (matched on 'primary'='Motesanib')
NF-kB Activation Inhibitor,NF-kB Activation Inhibitor,,509554,C1=CC=C(C=C1)OC2=CC=C(C=C2)CCNC3=NC=NC4=C3C=C(C=C4)N,C1=CC=C(C=C1)OC2=CC=C(C=C2)CCNC3=NC=NC4=C3C=C(C=C4)N,"4-N-[2-(4-phenoxyphenyl)ethyl]quinazoline-4,6-diamine",pubchem (matched on 'primary'='NF-kB Activation Inhibitor')
NVP-ADW742,NVP-ADW742,,9825149,C1CCN(C1)CC2CC(C2)N3C=C(C4=C(N=CN=C43)N)C5=CC(=CC=C5)OCC6=CC=CC=C6,C1CCN(C1)CC2CC(C2)N3C=C(C4=C(N=CN=C43)N)C5=CC(=CC=C5)OCC6=CC=CC=C6,"5-(3-phenylmethoxyphenyl)-7-[3-(pyrrolidin-1-ylmethyl)cyclobutyl]pyrrolo[2,3-d]pyrimidin-4-amine",pubchem (matched on 'primary'='NVP-ADW742')
NVP-AEW541,NVP-AEW541,,11476171,C1CN(C1)CC2CC(C2)N3C=C(C4=C(N=CN=C43)N)C5=CC(=CC=C5)OCC6=CC=CC=C6,C1CN(C1)CC2CC(C2)N3C=C(C4=C(N=CN=C43)N)C5=CC(=CC=C5)OCC6=CC=CC=C6,"7-[3-(azetidin-1-ylmethyl)cyclobutyl]-5-(3-phenylmethoxyphenyl)pyrrolo[2,3-d]pyrimidin-4-amine",pubchem (matched on 'primary'='NVP-AEW541')
NVP-TAE684,NVP-TAE684,,16038120,CC(C)S(=O)(=O)C1=CC=CC=C1NC2=NC(=NC=C2Cl)NC3=C(C=C(C=C3)N4CCC(CC4)N5CCN(CC5)C)OC,CC(C)S(=O)(=O)C1=CC=CC=C1NC2=NC(=NC=C2Cl)NC3=C(C=C(C=C3)N4CCC(CC4)N5CCN(CC5)C)OC,"5-chloro-2-N-[2-methoxy-4-[4-(4-methylpiperazin-1-yl)piperidin-1-yl]phenyl]-4-N-(2-propan-2-ylsulfonylphenyl)pyrimidine-2,4-diamine",pubchem (matched on 'primary'='NVP-TAE684')
Neratinib (HKI-272),Neratinib,HKI-272,9915743,CCOC1=C(C=C2C(=C1)N=CC(=C2NC3=CC(=C(C=C3)OCC4=CC=CC=N4)Cl)C#N)NC(=O)C=CCN(C)C,CCOC1=C(C=C2C(=C1)N=CC(=C2NC3=CC(=C(C=C3)OCC4=CC=CC=N4)Cl)C#N)NC(=O)/C=C/CN(C)C,(E)-N-[4-[3-chloro-4-(pyridin-2-ylmethoxy)anilino]-3-cyano-7-ethoxyquinolin-6-yl]-4-(dimethylamino)but-2-enamide,pubchem (matched on 'primary'='Neratinib')
Nilotinib,Nilotinib,,644241,CC1=C(C=C(C=C1)C(=O)NC2=CC(=CC(=C2)C(F)(F)F)N3C=C(N=C3)C)NC4=NC=CC(=N4)C5=CN=CC=C5,CC1=C(C=C(C=C1)C(=O)NC2=CC(=CC(=C2)C(F)(F)F)N3C=C(N=C3)C)NC4=NC=CC(=N4)C5=CN=CC=C5,4-methyl-N-[3-(4-methylimidazol-1-yl)-5-(trifluoromethyl)phenyl]-3-[(4-pyridin-3-ylpyrimidin-2-yl)amino]benzamide,pubchem (matched on 'primary'='Nilotinib')
Nutlin 3a,Nutlin 3a,,11433190,CC(C)OC1=C(C=CC(=C1)OC)C2=NC(C(N2C(=O)N3CCNC(=O)C3)C4=CC=C(C=C4)Cl)C5=CC=C(C=C5)Cl,CC(C)OC1=C(C=CC(=C1)OC)C2=N[C@H]([C@H](N2C(=O)N3CCNC(=O)C3)C4=CC=C(C=C4)Cl)C5=CC=C(C=C5)Cl,"4-[(4S,5R)-4,5-bis(4-chlorophenyl)-2-(4-methoxy-2-propan-2-yloxyphenyl)-4,5-dihydroimidazole-1-carbonyl]piperazin-2-one",pubchem (matched on 'primary'='Nutlin 3a')
OTX-015,OTX-015,,9936746,CC1=C(SC2=C1C(=NC(C3=NN=C(N32)C)CC(=O)NC4=CC=C(C=C4)O)C5=CC=C(C=C5)Cl)C,CC1=C(SC2=C1C(=N[C@H](C3=NN=C(N32)C)CC(=O)NC4=CC=C(C=C4)O)C5=CC=C(C=C5)Cl)C,"2-[(9S)-7-(4-chlorophenyl)-4,5,13-trimethyl-3-thia-1,8,11,12-tetrazatricyclo[8.3.0.02,6]trideca-2(6),4,7,10,12-pentaen-9-yl]-N-(4-hydroxyphenyl)acetamide",pubchem (matched on 'primary'='OTX-015')
Olaparib,Olaparib,,23725625,C1CC1C(=O)N2CCN(CC2)C(=O)C3=C(C=CC(=C3)CC4=NNC(=O)C5=CC=CC=C54)F,C1CC1C(=O)N2CCN(CC2)C(=O)C3=C(C=CC(=C3)CC4=NNC(=O)C5=CC=CC=C54)F,4-[[3-[4-(cyclopropanecarbonyl)piperazine-1-carbonyl]-4-fluorophenyl]methyl]-2H-phthalazin-1-one,pubchem (matched on 'primary'='Olaparib')
PD153035,PD153035,,4705,COC1=C(C=C2C(=C1)C(=NC=N2)NC3=CC(=CC=C3)Br)OC,COC1=C(C=C2C(=C1)C(=NC=N2)NC3=CC(=CC=C3)Br)OC,"N-(3-bromophenyl)-6,7-dimethoxyquinazolin-4-amine",pubchem (matched on 'primary'='PD153035')
PD173955,PD173955,,447077,CN1C2=NC(=NC=C2C=C(C1=O)C3=C(C=CC=C3Cl)Cl)NC4=CC(=CC=C4)SC,CN1C2=NC(=NC=C2C=C(C1=O)C3=C(C=CC=C3Cl)Cl)NC4=CC(=CC=C4)SC,"6-(2,6-dichlorophenyl)-8-methyl-2-(3-methylsulfanylanilino)pyrido[2,3-d]pyrimidin-7-one",pubchem (matched on 'primary'='PD173955')
PD98059,PD98059,,4713,COC1=CC=CC(=C1N)C2=CC(=O)C3=CC=CC=C3O2,COC1=CC=CC(=C1N)C2=CC(=O)C3=CC=CC=C3O2,2-(2-amino-3-methoxyphenyl)chromen-4-one,pubchem (matched on 'primary'='PD98059')
PH-797804,PH-797804,,22049997,CC1=C(C=C(C=C1)C(=O)NC)N2C(=CC(=C(C2=O)Br)OCC3=C(C=C(C=C3)F)F)C,CC1=C(C=C(C=C1)C(=O)NC)N2C(=CC(=C(C2=O)Br)OCC3=C(C=C(C=C3)F)F)C,"3-[3-bromo-4-[(2,4-difluorophenyl)methoxy]-6-methyl-2-oxo-1-pyridinyl]-N,4-dimethylbenzamide",pubchem (matched on 'primary'='PH-797804')
PHA-665752,PHA-665752,,10461815,CC1=C(NC(=C1C(=O)N2CCCC2CN3CCCC3)C)C=C4C5=C(C=CC(=C5)S(=O)(=O)CC6=C(C=CC=C6Cl)Cl)NC4=O,CC1=C(NC(=C1C(=O)N2CCC[C@@H]2CN3CCCC3)C)/C=C\4/C5=C(C=CC(=C5)S(=O)(=O)CC6=C(C=CC=C6Cl)Cl)NC4=O,"(3Z)-5-[(2,6-dichlorophenyl)methylsulfonyl]-3-[[3,5-dimethyl-4-[(2R)-2-(pyrrolidin-1-ylmethyl)pyrrolidine-1-carbonyl]-1H-pyrrol-2-yl]methylidene]-1H-indol-2-one",pubchem (matched on 'primary'='PHA-665752')
PHT-427,PHT-427,,44240850,CCCCCCCCCCCCC1=CC=C(C=C1)S(=O)(=O)NC2=NN=CS2,CCCCCCCCCCCCC1=CC=C(C=C1)S(=O)(=O)NC2=NN=CS2,"4-dodecyl-N-(1,3,4-thiadiazol-2-yl)benzenesulfonamide",pubchem (matched on 'primary'='PHT-427')
PI-103,PI-103,,9884685,C1COCCN1C2=NC(=NC3=C2OC4=C3C=CC=N4)C5=CC(=CC=C5)O,C1COCCN1C2=NC(=NC3=C2OC4=C3C=CC=N4)C5=CC(=CC=C5)O,"3-(6-morpholin-4-yl-8-oxa-3,5,10-triazatricyclo[7.4.0.02,7]trideca-1(9),2(7),3,5,10,12-hexaen-4-yl)phenol",pubchem (matched on 'primary'='PI-103')
PLX-4720,PLX-4720,,24180719,CCCS(=O)(=O)NC1=C(C(=C(C=C1)F)C(=O)C2=CNC3=C2C=C(C=N3)Cl)F,CCCS(=O)(=O)NC1=C(C(=C(C=C1)F)C(=O)C2=CNC3=C2C=C(C=N3)Cl)F,"N-[3-(5-chloro-1H-pyrrolo[2,3-b]pyridine-3-carbonyl)-2,4-difluorophenyl]propane-1-sulfonamide",pubchem (matched on 'primary'='PLX-4720')
PP2,PP2,,4878,CC(C)(C)N1C2=NC=NC(=C2C(=N1)C3=CC=C(C=C3)Cl)N,CC(C)(C)N1C2=NC=NC(=C2C(=N1)C3=CC=C(C=C3)Cl)N,"1-tert-butyl-3-(4-chlorophenyl)pyrazolo[3,4-d]pyrimidin-4-amine",pubchem (matched on 'primary'='PP2')
PP242,PP242,,135565635,CC(C)N1C2=NC=NC(=C2C(=N1)C3=CC4=C(N3)C=CC(=C4)O)N,CC(C)N1C2=NC=NC(=C2C(=N1)C3=CC4=C(N3)C=CC(=C4)O)N,"2-(4-amino-1-propan-2-ylpyrazolo[3,4-d]pyrimidin-3-yl)-1H-indol-5-ol",pubchem (matched on 'primary'='PP242')
PRT062070,PRT062070,,56960607,CCS(=O)(=O)N1CCN(CC1)C2=CC=C(C=C2)NC3=NC=C(C(=N3)NC4CC4)C(=O)N.Cl,CCS(=O)(=O)N1CCN(CC1)C2=CC=C(C=C2)NC3=NC=C(C(=N3)NC4CC4)C(=O)N.Cl,4-(cyclopropylamino)-2-[4-(4-ethylsulfonylpiperazin-1-yl)anilino]pyrimidine-5-carboxamide;hydrochloride,pubchem (matched on 'primary'='PRT062070')
PRT062607,PRT062607,,44462758,C1CCC(C(C1)N)NC2=NC=C(C(=N2)NC3=CC(=CC=C3)N4N=CC=N4)C(=O)N,C1CC[C@H]([C@H](C1)N)NC2=NC=C(C(=N2)NC3=CC(=CC=C3)N4N=CC=N4)C(=O)N,"2-[[(1R,2S)-2-aminocyclohexyl]amino]-4-[3-(triazol-2-yl)anilino]pyrimidine-5-carboxamide",pubchem (matched on 'primary'='PRT062607')
Palbociclib,Palbociclib,,5330286,CC1=C(C(=O)N(C2=NC(=NC=C12)NC3=NC=C(C=C3)N4CCNCC4)C5CCCC5)C(=O)C,CC1=C(C(=O)N(C2=NC(=NC=C12)NC3=NC=C(C=C3)N4CCNCC4)C5CCCC5)C(=O)C,"6-acetyl-8-cyclopentyl-5-methyl-2-[(5-piperazin-1-yl-2-pyridinyl)amino]pyrido[2,3-d]pyrimidin-7-one",pubchem (matched on 'primary'='Palbociclib')
Panobinostat,Panobinostat,,6918837,CC1=C(C2=CC=CC=C2N1)CCNCC3=CC=C(C=C3)C=CC(=O)NO,CC1=C(C2=CC=CC=C2N1)CCNCC3=CC=C(C=C3)/C=C/C(=O)NO,(E)-N-hydroxy-3-[4-[[2-(2-methyl-1H-indol-3-yl)ethylamino]methyl]phenyl]prop-2-enamide,pubchem (matched on 'primary'='Panobinostat')
Pazopanib (GW786034),Pazopanib,GW786034,10113978,CC1=C(C=C(C=C1)NC2=NC=CC(=N2)N(C)C3=CC4=NN(C(=C4C=C3)C)C)S(=O)(=O)N,CC1=C(C=C(C=C1)NC2=NC=CC(=N2)N(C)C3=CC4=NN(C(=C4C=C3)C)C)S(=O)(=O)N,"5-[[4-[(2,3-dimethylindazol-6-yl)-methylamino]pyrimidin-2-yl]amino]-2-methylbenzenesulfonamide",pubchem (matched on 'primary'='Pazopanib')
Pelitinib (EKB-569),Pelitinib,EKB-569,6445562,CCOC1=C(C=C2C(=C1)N=CC(=C2NC3=CC(=C(C=C3)F)Cl)C#N)NC(=O)C=CCN(C)C,CCOC1=C(C=C2C(=C1)N=CC(=C2NC3=CC(=C(C=C3)F)Cl)C#N)NC(=O)/C=C/CN(C)C,(E)-N-[4-(3-chloro-4-fluoroanilino)-3-cyano-7-ethoxyquinolin-6-yl]-4-(dimethylamino)but-2-enamide,pubchem (matched on 'primary'='Pelitinib')
Perhexiline maleate,Perhexiline maleate,,5284439,C1CCC(CC1)C(CC2CCCCN2)C3CCCCC3.C(=CC(=O)O)C(=O)O,C1CCC(CC1)C(CC2CCCCN2)C3CCCCC3.C(=C\C(=O)O)\C(=O)O,"(Z)-but-2-enedioic acid;2-(2,2-dicyclohexylethyl)piperidine",pubchem (matched on 'primary'='Perhexiline maleate')
Ponatinib (AP24534),Ponatinib,AP24534,24826799,CC1=C(C=C(C=C1)C(=O)NC2=CC(=C(C=C2)CN3CCN(CC3)C)C(F)(F)F)C#CC4=CN=C5N4N=CC=C5,CC1=C(C=C(C=C1)C(=O)NC2=CC(=C(C=C2)CN3CCN(CC3)C)C(F)(F)F)C#CC4=CN=C5N4N=CC=C5,"3-(2-imidazo[1,2-b]pyridazin-3-ylethynyl)-4-methyl-N-[4-[(4-methylpiperazin-1-yl)methyl]-3-(trifluoromethyl)phenyl]benzamide",pubchem (matched on 'primary'='Ponatinib')
Quizartinib (AC220),Quizartinib,AC220,24889392,CC(C)(C)C1=CC(=NO1)NC(=O)NC2=CC=C(C=C2)C3=CN4C5=C(C=C(C=C5)OCCN6CCOCC6)SC4=N3,CC(C)(C)C1=CC(=NO1)NC(=O)NC2=CC=C(C=C2)C3=CN4C5=C(C=C(C=C5)OCCN6CCOCC6)SC4=N3,"1-(5-tert-butyl-1,2-oxazol-3-yl)-3-[4-[6-(2-morpholin-4-ylethoxy)imidazo[2,1-b][1,3]benzothiazol-2-yl]phenyl]urea",pubchem (matched on 'primary'='Quizartinib')
R406,R406,,11984591,CC1(C(=O)NC2=C(O1)C=CC(=N2)NC3=NC(=NC=C3F)NC4=CC(=C(C(=C4)OC)OC)OC)C.C1=CC=C(C=C1)S(=O)(=O)O,CC1(C(=O)NC2=C(O1)C=CC(=N2)NC3=NC(=NC=C3F)NC4=CC(=C(C(=C4)OC)OC)OC)C.C1=CC=C(C=C1)S(=O)(=O)O,"benzenesulfonic acid;6-[[5-fluoro-2-(3,4,5-trimethoxyanilino)pyrimidin-4-yl]amino]-2,2-dimethyl-4H-pyrido[3,2-b][1,4]oxazin-3-one",pubchem (matched on 'primary'='R406')
R547,R547,,6918852,COC1=C(C(=C(C=C1)F)F)C(=O)C2=CN=C(N=C2N)NC3CCN(CC3)S(=O)(=O)C,COC1=C(C(=C(C=C1)F)F)C(=O)C2=CN=C(N=C2N)NC3CCN(CC3)S(=O)(=O)C,"[4-amino-2-[(1-methylsulfonylpiperidin-4-yl)amino]pyrimidin-5-yl]-(2,3-difluoro-6-methoxyphenyl)methanone",pubchem (matched on 'primary'='R547')
RAF265 (CHIR-265),RAF265,CHIR-265,11656518,CN1C2=C(C=C(C=C2)OC3=CC(=NC=C3)C4=NC=C(N4)C(F)(F)F)N=C1NC5=CC=C(C=C5)C(F)(F)F,CN1C2=C(C=C(C=C2)OC3=CC(=NC=C3)C4=NC=C(N4)C(F)(F)F)N=C1NC5=CC=C(C=C5)C(F)(F)F,1-methyl-5-[[2-[5-(trifluoromethyl)-1H-imidazol-2-yl]-4-pyridinyl]oxy]-N-[4-(trifluoromethyl)phenyl]benzimidazol-2-amine,pubchem (matched on 'primary'='RAF265')
Ralimetinib (LY2228820),Ralimetinib,LY2228820,11539025,CC(C)(C)CN1C2=C(C=CC(=N2)C3=C(N=C(N3)C(C)(C)C)C4=CC=C(C=C4)F)N=C1N,CC(C)(C)CN1C2=C(C=CC(=N2)C3=C(N=C(N3)C(C)(C)C)C4=CC=C(C=C4)F)N=C1N,"5-[2-tert-butyl-4-(4-fluorophenyl)-1H-imidazol-5-yl]-3-(2,2-dimethylpropyl)imidazo[4,5-b]pyridin-2-amine",pubchem (matched on 'primary'='Ralimetinib')
Ranolazine,Ranolazine,,56959,CC1=C(C(=CC=C1)C)NC(=O)CN2CCN(CC2)CC(COC3=CC=CC=C3OC)O,CC1=C(C(=CC=C1)C)NC(=O)CN2CCN(CC2)CC(COC3=CC=CC=C3OC)O,"N-(2,6-dimethylphenyl)-2-[4-[2-hydroxy-3-(2-methoxyphenoxy)propyl]piperazin-1-yl]acetamide",pubchem (matched on 'primary'='Ranolazine')
Rapamycin,Rapamycin,,5284616,CC1CCC2CC(C(=CC=CC=CC(CC(C(=O)C(C(C(=CC(C(=O)CC(OC(=O)C3CCCCN3C(=O)C(=O)C1(O2)O)C(C)CC4CCC(C(C4)OC)O)C)C)O)OC)C)C)C)OC,C[C@@H]1CC[C@H]2C[C@@H](/C(=C/C=C/C=C/[C@H](C[C@H](C(=O)[C@@H]([C@@H](/C(=C/[C@H](C(=O)C[C@H](OC(=O)[C@@H]3CCCCN3C(=O)C(=O)[C@@]1(O2)O)[C@H](C)C[C@@H]4CC[C@H]([C@@H](C4)OC)O)C)/C)O)OC)C)C)/C)OC,"(1R,9S,12S,15R,16E,18R,19R,21R,23S,24E,26E,28E,30S,32S,35R)-1,18-dihydroxy-12-[(2R)-1-[(1S,3R,4R)-4-hydroxy-3-methoxycyclohexyl]propan-2-yl]-19,30-dimethoxy-15,17,21,23,29,35-hexamethyl-11,36-dioxa-4-azatricyclo[30.3.1.04,9]hexatriaconta-16,24,26,28-tetraene-2,3,10,14,20-pentone",pubchem (matched on 'primary'='Rapamycin')
Regorafenib (BAY 73-4506),Regorafenib,BAY 73-4506,11167602,CNC(=O)C1=NC=CC(=C1)OC2=CC(=C(C=C2)NC(=O)NC3=CC(=C(C=C3)Cl)C(F)(F)F)F,CNC(=O)C1=NC=CC(=C1)OC2=CC(=C(C=C2)NC(=O)NC3=CC(=C(C=C3)Cl)C(F)(F)F)F,4-[4-[[4-chloro-3-(trifluoromethyl)phenyl]carbamoylamino]-3-fluorophenoxy]-N-methylpyridine-2-carboxamide,pubchem (matched on 'primary'='Regorafenib')
Roscovitine (CYC-202),Roscovitine,CYC-202,160355,CCC(CO)NC1=NC(=C2C(=N1)N(C=N2)C(C)C)NCC3=CC=CC=C3,CC[C@H](CO)NC1=NC(=C2C(=N1)N(C=N2)C(C)C)NCC3=CC=CC=C3,(2R)-2-[[6-(benzylamino)-9-propan-2-ylpurin-2-yl]amino]butan-1-ol,pubchem (matched on 'primary'='Roscovitine')
Ruxolitinib (INCB018424),Ruxolitinib,INCB018424,25126798,C1CCC(C1)C(CC#N)N2C=C(C=N2)C3=C4C=CNC4=NC=N3,C1CCC(C1)[C@@H](CC#N)N2C=C(C=N2)C3=C4C=CNC4=NC=N3,"(3R)-3-cyclopentyl-3-[4-(7H-pyrrolo[2,3-d]pyrimidin-4-yl)pyrazol-1-yl]propanenitrile",pubchem (matched on 'primary'='Ruxolitinib')
S31-201,S31-201,,252682,CC1=CC=C(C=C1)S(=O)(=O)OCC(=O)NC2=CC(=C(C=C2)C(=O)O)O,CC1=CC=C(C=C1)S(=O)(=O)OCC(=O)NC2=CC(=C(C=C2)C(=O)O)O,2-hydroxy-4-[[2-(4-methylphenyl)sulfonyloxyacetyl]amino]benzoic acid,pubchem (matched on 'primary'='S31-201')
SB-202190,SB-202190,,5169,C1=CC(=CC=C1C2=NC(=C(N2)C3=CC=NC=C3)C4=CC=C(C=C4)F)O,C1=CC(=CC=C1C2=NC(=C(N2)C3=CC=NC=C3)C4=CC=C(C=C4)F)O,4-[4-(4-fluorophenyl)-5-pyridin-4-yl-1H-imidazol-2-yl]phenol,"manual-fix (alias='SB202190', cid=5169)"
SB-203580,SB-203580,,176155,CS(=O)C1=CC=C(C=C1)C2=NC(=C(N2)C3=CC=NC=C3)C4=CC=C(C=C4)F,CS(=O)C1=CC=C(C=C1)C2=NC(=C(N2)C3=CC=NC=C3)C4=CC=C(C=C4)F,4-[4-(4-fluorophenyl)-2-(4-methylsulfinylphenyl)-1H-imidazol-5-yl]pyridine,"manual-fix (alias='SB203580', cid=176155)"
SB-431542,SB-431542,,4521392,C1OC2=C(O1)C=C(C=C2)C3=C(NC(=N3)C4=CC=C(C=C4)C(=O)N)C5=CC=CC=N5,C1OC2=C(O1)C=C(C=C2)C3=C(NC(=N3)C4=CC=C(C=C4)C(=O)N)C5=CC=CC=N5,"4-[4-(1,3-benzodioxol-5-yl)-5-pyridin-2-yl-1H-imidazol-2-yl]benzamide",pubchem (matched on 'primary'='SB-431542')
SGX-523,SGX-523,,24779724,CN1C=C(C=N1)C2=NN3C(=NN=C3SC4=CC5=C(C=C4)N=CC=C5)C=C2,CN1C=C(C=N1)C2=NN3C(=NN=C3SC4=CC5=C(C=C4)N=CC=C5)C=C2,"6-[[6-(1-methylpyrazol-4-yl)-[1,2,4]triazolo[4,3-b]pyridazin-3-yl]sulfanyl]quinoline",pubchem (matched on 'primary'='SGX-523')
SNS-032 (BMS-387032),SNS-032,BMS-387032,3025986,CC(C)(C)C1=CN=C(O1)CSC2=CN=C(S2)NC(=O)C3CCNCC3,CC(C)(C)C1=CN=C(O1)CSC2=CN=C(S2)NC(=O)C3CCNCC3,"N-[5-[(5-tert-butyl-1,3-oxazol-2-yl)methylsulfanyl]-1,3-thiazol-2-yl]piperidine-4-carboxamide",pubchem (matched on 'primary'='SNS-032')
SR9011,SR9011,,57394021,CCCCCNC(=O)N1CCC(C1)CN(CC2=CC=C(C=C2)Cl)CC3=CC=C(S3)[N+](=O)[O-],CCCCCNC(=O)N1CCC(C1)CN(CC2=CC=C(C=C2)Cl)CC3=CC=C(S3)[N+](=O)[O-],3-[[(4-chlorophenyl)methyl-[(5-nitrothiophen-2-yl)methyl]amino]methyl]-N-pentylpyrrolidine-1-carboxamide,pubchem (matched on 'primary'='SR9011')
STO609,STO609,,3467590,C1=CC=C2C(=C1)N=C3N2C(=O)C4=CC=CC5=C(C=CC3=C54)C(=O)O,C1=CC=C2C(=C1)N=C3N2C(=O)C4=CC=CC5=C(C=CC3=C54)C(=O)O,"11-oxo-3,10-diazapentacyclo[10.7.1.02,10.04,9.016,20]icosa-1(20),2,4,6,8,12,14,16,18-nonaene-17-carboxylic acid",pubchem (matched on 'primary'='STO609')
SU11274,SU11274,,9549297,CC1=C(NC(=C1C(=O)N2CCN(CC2)C)C)C=C3C4=C(C=CC(=C4)S(=O)(=O)N(C)C5=CC(=CC=C5)Cl)NC3=O,CC1=C(NC(=C1C(=O)N2CCN(CC2)C)C)/C=C\3/C4=C(C=CC(=C4)S(=O)(=O)N(C)C5=CC(=CC=C5)Cl)NC3=O,"(3Z)-N-(3-chlorophenyl)-3-[[3,5-dimethyl-4-(4-methylpiperazine-1-carbonyl)-1H-pyrrol-2-yl]methylidene]-N-methyl-2-oxo-1H-indole-5-sulfonamide",pubchem (matched on 'primary'='SU11274')
SU14813,SU14813,,10138260,CC1=C(NC(=C1C(=O)NCC(CN2CCOCC2)O)C)C=C3C4=C(C=CC(=C4)F)NC3=O,CC1=C(NC(=C1C(=O)NCC(CN2CCOCC2)O)C)/C=C\3/C4=C(C=CC(=C4)F)NC3=O,"5-[(Z)-(5-fluoro-2-oxo-1H-indol-3-ylidene)methyl]-N-(2-hydroxy-3-morpholin-4-ylpropyl)-2,4-dimethyl-1H-pyrrole-3-carboxamide",pubchem (matched on 'primary'='SU14813')
SYK Inhibitor,SYK Inhibitor,,6419747,CN1C=C(C2=CC=CC=C21)C=C3C4=C(C=CC(=C4)S(=O)(=O)N)NC3=O,CN1C=C(C2=CC=CC=C21)/C=C\3/C4=C(C=CC(=C4)S(=O)(=O)N)NC3=O,(3Z)-3-[(1-methylindol-3-yl)methylidene]-2-oxo-1H-indole-5-sulfonamide,pubchem (matched on 'primary'='SYK Inhibitor')
Saracatinib (AZD0530),Saracatinib,AZD0530,10302451,CN1CCN(CC1)CCOC2=CC3=C(C(=C2)OC4CCOCC4)C(=NC=N3)NC5=C(C=CC6=C5OCO6)Cl,CN1CCN(CC1)CCOC2=CC3=C(C(=C2)OC4CCOCC4)C(=NC=N3)NC5=C(C=CC6=C5OCO6)Cl,"N-(5-chloro-1,3-benzodioxol-4-yl)-7-[2-(4-methylpiperazin-1-yl)ethoxy]-5-(oxan-4-yloxy)quinazolin-4-amine",pubchem (matched on 'primary'='Saracatinib')
Selinexor,Selinexor,,71481097,C1=CN=C(C=N1)NNC(=O)C=CN2C=NC(=N2)C3=CC(=CC(=C3)C(F)(F)F)C(F)(F)F,C1=CN=C(C=N1)NNC(=O)/C=C\N2C=NC(=N2)C3=CC(=CC(=C3)C(F)(F)F)C(F)(F)F,"(Z)-3-[3-[3,5-bis(trifluoromethyl)phenyl]-1,2,4-triazol-1-yl]-N'-pyrazin-2-ylprop-2-enehydrazide",pubchem (matched on 'primary'='Selinexor')
Selumetinib (AZD6244),Selumetinib,AZD6244,10127622,CN1C=NC2=C1C=C(C(=C2F)NC3=C(C=C(C=C3)Br)Cl)C(=O)NOCCO,CN1C=NC2=C1C=C(C(=C2F)NC3=C(C=C(C=C3)Br)Cl)C(=O)NOCCO,6-(4-bromo-2-chloroanilino)-7-fluoro-N-(2-hydroxyethoxy)-3-methylbenzimidazole-5-carboxamide,pubchem (matched on 'primary'='Selumetinib')
Sorafenib,Sorafenib,,216239,CNC(=O)C1=NC=CC(=C1)OC2=CC=C(C=C2)NC(=O)NC3=CC(=C(C=C3)Cl)C(F)(F)F,CNC(=O)C1=NC=CC(=C1)OC2=CC=C(C=C2)NC(=O)NC3=CC(=C(C=C3)Cl)C(F)(F)F,4-[4-[[4-chloro-3-(trifluoromethyl)phenyl]carbamoylamino]phenoxy]-N-methylpyridine-2-carboxamide,pubchem (matched on 'primary'='Sorafenib')
Staurosporine,Staurosporine,,44259,CC12C(C(CC(O1)N3C4=CC=CC=C4C5=C6C(=C7C8=CC=CC=C8N2C7=C53)CNC6=O)NC)OC,C[C@@]12[C@@H]([C@@H](C[C@@H](O1)N3C4=CC=CC=C4C5=C6C(=C7C8=CC=CC=C8N2C7=C53)CNC6=O)NC)OC,"(2S,3R,4R,6R)-3-methoxy-2-methyl-4-(methylamino)-29-oxa-1,7,17-triazaoctacyclo[12.12.2.12,6.07,28.08,13.015,19.020,27.021,26]nonacosa-8,10,12,14,19,21,23,25,27-nonaen-16-one",pubchem (matched on 'primary'='Staurosporine')
Sunitinib,Sunitinib,,5329102,CCN(CC)CCNC(=O)C1=C(NC(=C1C)C=C2C3=C(C=CC(=C3)F)NC2=O)C,CCN(CC)CCNC(=O)C1=C(NC(=C1C)/C=C\2/C3=C(C=CC(=C3)F)NC2=O)C,"N-[2-(diethylamino)ethyl]-5-[(Z)-(5-fluoro-2-oxo-1H-indol-3-ylidene)methyl]-2,4-dimethyl-1H-pyrrole-3-carboxamide",pubchem (matched on 'primary'='Sunitinib')
TG100-115,TG100-115,,10427712,C1=CC(=CC(=C1)O)C2=NC3=C(N=C(N=C3N=C2C4=CC(=CC=C4)O)N)N,C1=CC(=CC(=C1)O)C2=NC3=C(N=C(N=C3N=C2C4=CC(=CC=C4)O)N)N,"3-[2,4-diamino-7-(3-hydroxyphenyl)pteridin-6-yl]phenol",pubchem (matched on 'primary'='TG100-115')
TG101348,TG101348,,16722836,CC1=CN=C(N=C1NC2=CC(=CC=C2)S(=O)(=O)NC(C)(C)C)NC3=CC=C(C=C3)OCCN4CCCC4,CC1=CN=C(N=C1NC2=CC(=CC=C2)S(=O)(=O)NC(C)(C)C)NC3=CC=C(C=C3)OCCN4CCCC4,N-tert-butyl-3-[[5-methyl-2-[4-(2-pyrrolidin-1-ylethoxy)anilino]pyrimidin-4-yl]amino]benzenesulfonamide,pubchem (matched on 'primary'='TG101348')
Tandutinib (MLN518),Tandutinib,MLN518,3038522,CC(C)OC1=CC=C(C=C1)NC(=O)N2CCN(CC2)C3=NC=NC4=CC(=C(C=C43)OC)OCCCN5CCCCC5,CC(C)OC1=CC=C(C=C1)NC(=O)N2CCN(CC2)C3=NC=NC4=CC(=C(C=C43)OC)OCCCN5CCCCC5,4-[6-methoxy-7-(3-piperidin-1-ylpropoxy)quinazolin-4-yl]-N-(4-propan-2-yloxyphenyl)piperazine-1-carboxamide,pubchem (matched on 'primary'='Tandutinib')
Tivozanib (AV-951),Tivozanib,AV-951,9911830,CC1=CC(=NO1)NC(=O)NC2=C(C=C(C=C2)OC3=C4C=C(C(=CC4=NC=C3)OC)OC)Cl,CC1=CC(=NO1)NC(=O)NC2=C(C=C(C=C2)OC3=C4C=C(C(=CC4=NC=C3)OC)OC)Cl,"1-[2-chloro-4-(6,7-dimethoxyquinolin-4-yl)oxyphenyl]-3-(5-methyl-1,2-oxazol-3-yl)urea",pubchem (matched on 'primary'='Tivozanib')
Tofacitinib (CP-690550),Tofacitinib,CP-690550,9926791,CC1CCN(CC1N(C)C2=NC=NC3=C2C=CN3)C(=O)CC#N,C[C@@H]1CCN(C[C@@H]1N(C)C2=NC=NC3=C2C=CN3)C(=O)CC#N,"3-[(3R,4R)-4-methyl-3-[methyl(7H-pyrrolo[2,3-d]pyrimidin-4-yl)amino]piperidin-1-yl]-3-oxopropanenitrile",pubchem (matched on 'primary'='Tofacitinib')
Tozasertib (VX-680),Tozasertib,VX-680,5494449,CC1=CC(=NN1)NC2=CC(=NC(=N2)SC3=CC=C(C=C3)NC(=O)C4CC4)N5CCN(CC5)C,CC1=CC(=NN1)NC2=CC(=NC(=N2)SC3=CC=C(C=C3)NC(=O)C4CC4)N5CCN(CC5)C,N-[4-[4-(4-methylpiperazin-1-yl)-6-[(5-methyl-1H-pyrazol-3-yl)amino]pyrimidin-2-yl]sulfanylphenyl]cyclopropanecarboxamide,pubchem (matched on 'primary'='Tozasertib')
Trametinib (GSK1120212),Trametinib,GSK1120212,11707110,CC1=C2C(=C(N(C1=O)C)NC3=C(C=C(C=C3)I)F)C(=O)N(C(=O)N2C4=CC=CC(=C4)NC(=O)C)C5CC5,CC1=C2C(=C(N(C1=O)C)NC3=C(C=C(C=C3)I)F)C(=O)N(C(=O)N2C4=CC=CC(=C4)NC(=O)C)C5CC5,"N-[3-[3-cyclopropyl-5-(2-fluoro-4-iodoanilino)-6,8-dimethyl-2,4,7-trioxopyrido[4,3-d]pyrimidin-1-yl]phenyl]acetamide",pubchem (matched on 'primary'='Trametinib')
VX-745,VX-745,,3038525,C1=CC(=C(C(=C1)Cl)C2=C3C=CC(=NN3C=NC2=O)SC4=C(C=C(C=C4)F)F)Cl,C1=CC(=C(C(=C1)Cl)C2=C3C=CC(=NN3C=NC2=O)SC4=C(C=C(C=C4)F)F)Cl,"5-(2,6-dichlorophenyl)-2-(2,4-difluorophenyl)sulfanylpyrimido[1,6-b]pyridazin-6-one",pubchem (matched on 'primary'='VX-745')
Vandetanib (ZD6474),Vandetanib,ZD6474,3081361,CN1CCC(CC1)COC2=C(C=C3C(=C2)N=CN=C3NC4=C(C=C(C=C4)Br)F)OC,CN1CCC(CC1)COC2=C(C=C3C(=C2)N=CN=C3NC4=C(C=C(C=C4)Br)F)OC,N-(4-bromo-2-fluorophenyl)-6-methoxy-7-[(1-methylpiperidin-4-yl)methoxy]quinazolin-4-amine,pubchem (matched on 'primary'='Vandetanib')
Vargetef,Vargetef,,135423438,CN1CCN(CC1)CC(=O)N(C)C2=CC=C(C=C2)N=C(C3=CC=CC=C3)C4=C(NC5=C4C=CC(=C5)C(=O)OC)O,CN1CCN(CC1)CC(=O)N(C)C2=CC=C(C=C2)N=C(C3=CC=CC=C3)C4=C(NC5=C4C=CC(=C5)C(=O)OC)O,methyl 2-hydroxy-3-[N-[4-[methyl-[2-(4-methylpiperazin-1-yl)acetyl]amino]phenyl]-C-phenylcarbonimidoyl]-1H-indole-6-carboxylate,"manual-fix (alias='Nintedanib', cid=135423438)"
Vatalanib (PTK787),Vatalanib,PTK787,151194,C1=CC=C2C(=C1)C(=NN=C2NC3=CC=C(C=C3)Cl)CC4=CC=NC=C4,C1=CC=C2C(=C1)C(=NN=C2NC3=CC=C(C=C3)Cl)CC4=CC=NC=C4,N-(4-chlorophenyl)-4-(pyridin-4-ylmethyl)phthalazin-1-amine,pubchem (matched on 'primary'='Vatalanib')
Vemurafenib (PLX-4032),Vemurafenib,PLX-4032,42611257,CCCS(=O)(=O)NC1=C(C(=C(C=C1)F)C(=O)C2=CNC3=C2C=C(C=N3)C4=CC=C(C=C4)Cl)F,CCCS(=O)(=O)NC1=C(C(=C(C=C1)F)C(=O)C2=CNC3=C2C=C(C=N3)C4=CC=C(C=C4)Cl)F,"N-[3-[5-(4-chlorophenyl)-1H-pyrrolo[2,3-b]pyridine-3-carbonyl]-2,4-difluorophenyl]propane-1-sulfonamide",pubchem (matched on 'primary'='Vemurafenib')
Venetoclax,Venetoclax,,49846579,CC1(CCC(=C(C1)C2=CC=C(C=C2)Cl)CN3CCN(CC3)C4=CC(=C(C=C4)C(=O)NS(=O)(=O)C5=CC(=C(C=C5)NCC6CCOCC6)[N+](=O)[O-])OC7=CN=C8C(=C7)C=CN8)C,CC1(CCC(=C(C1)C2=CC=C(C=C2)Cl)CN3CCN(CC3)C4=CC(=C(C=C4)C(=O)NS(=O)(=O)C5=CC(=C(C=C5)NCC6CCOCC6)[N+](=O)[O-])OC7=CN=C8C(=C7)C=CN8)C,"4-[4-[[2-(4-chlorophenyl)-4,4-dimethylcyclohexen-1-yl]methyl]piperazin-1-yl]-N-[3-nitro-4-(oxan-4-ylmethylamino)phenyl]sulfonyl-2-(1H-pyrrolo[2,3-b]pyridin-5-yloxy)benzamide",pubchem (matched on 'primary'='Venetoclax')
Vismodegib (GDC-0449),Vismodegib,GDC-0449,24776445,CS(=O)(=O)C1=CC(=C(C=C1)C(=O)NC2=CC(=C(C=C2)Cl)C3=CC=CC=N3)Cl,CS(=O)(=O)C1=CC(=C(C=C1)C(=O)NC2=CC(=C(C=C2)Cl)C3=CC=CC=N3)Cl,2-chloro-N-(4-chloro-3-pyridin-2-ylphenyl)-4-methylsulfonylbenzamide,pubchem (matched on 'primary'='Vismodegib')
Volasertib (BI-6727),Volasertib,BI-6727,10461508,CCC1C(=O)N(C2=CN=C(N=C2N1C(C)C)NC3=C(C=C(C=C3)C(=O)NC4CCC(CC4)N5CCN(CC5)CC6CC6)OC)C,CC[C@@H]1C(=O)N(C2=CN=C(N=C2N1C(C)C)NC3=C(C=C(C=C3)C(=O)NC4CCC(CC4)N5CCN(CC5)CC6CC6)OC)C,N-[4-[4-(cyclopropylmethyl)piperazin-1-yl]cyclohexyl]-4-[[(7R)-7-ethyl-5-methyl-6-oxo-8-propan-2-yl-7H-pteridin-2-yl]amino]-3-methoxybenzamide,pubchem (matched on 'primary'='Volasertib')
XAV-939,XAV-939,,135418940,C1CSCC2=C1N=C(NC2=O)C3=CC=C(C=C3)C(F)(F)F,C1CSCC2=C1N=C(NC2=O)C3=CC=C(C=C3)C(F)(F)F,"2-[4-(trifluoromethyl)phenyl]-3,5,7,8-tetrahydrothiopyrano[4,3-d]pyrimidin-4-one",pubchem (matched on 'primary'='XAV-939')
XMD 8-87,XMD 8-87,,53322923,CN1CCN(CC1)C2=CC(=C(C=C2)NC3=NC=C4C(=N3)N(C5=CC=CC=C5C(=O)N4)C)OC,CN1CCN(CC1)C2=CC(=C(C=C2)NC3=NC=C4C(=N3)N(C5=CC=CC=C5C(=O)N4)C)OC,"2-[2-methoxy-4-(4-methylpiperazin-1-yl)anilino]-11-methyl-5H-pyrimido[4,5-b][1,4]benzodiazepin-6-one",pubchem (matched on 'primary'='XMD 8-87')
YM-155,YM-155,,11178236,CC1=[N+](C2=C(N1CCOC)C(=O)C3=CC=CC=C3C2=O)CC4=NC=CN=C4.[Br-],CC1=[N+](C2=C(N1CCOC)C(=O)C3=CC=CC=C3C2=O)CC4=NC=CN=C4.[Br-],"1-(2-methoxyethyl)-2-methyl-3-(pyrazin-2-ylmethyl)benzo[f]benzimidazol-3-ium-4,9-dione bromide",pubchem (matched on 'primary'='YM-155')
p38 MAP Kinase Inhibitor,p38 MAP Kinase Inhibitor,,4665,C1=CC(=CC=C1C2=C(NN(C2=O)C3=CC=C(C=C3)Cl)C4=CC=NC=C4)F,C1=CC(=CC=C1C2=C(NN(C2=O)C3=CC=C(C=C3)Cl)C4=CC=NC=C4)F,2-(4-chlorophenyl)-4-(4-fluorophenyl)-5-pyridin-4-yl-1H-pyrazol-3-one,pubchem (matched on 'primary'='p38 MAP Kinase Inhibitor')
