block_id,cell_line_id,drug1_original,drug1_id,drug1_match_source,drug2_original,drug2_id,drug2_match_source,synergy_loewe,synergy_bliss,synergy_zip,synergy_hsa,source_study,synergy_loewe_predicted
137083,HL-60,CYTARABINE HYDROCHLORIDE,Cytarabine,exact,Sunitinib,Sunitinib,exact,-19.858754680421,1.8513667231858,-6.34348294196212,-8.01049995111111,ALMANAC,-16.435875
140954,HL-60,Imatinib,Imatinib,exact,Dasatinib,Dasatinib,exact,-19.5247568612251,-2.56709495482937,6.47947698336126,-17.7288865,ALMANAC,-9.838397
143461,HL-60,Imatinib,Imatinib,exact,Lapatinib,Lapatinib,exact,-14.6723551325408,0.309098444955621,9.48054706201022,-17.0111094807573,ALMANAC,-15.147898
146460,HL-60,Nilotinib,Nilotinib,exact,Sunitinib,Sunitinib,exact,-20.7864975774662,3.35049135427649,10.5776601479691,-19.377776147424,ALMANAC,-6.9276423
149118,HL-60,Dasatinib,Dasatinib,exact,Lapatinib,Lapatinib,exact,-0.892330642405586,3.16288929544426,2.4290264710367,-1.55802242757761,ALMANAC,-17.364582
158703,HL-60,Imatinib,Imatinib,exact,Sunitinib,Sunitinib,exact,-27.6580745523818,2.00350247050207,12.9659410215788,-25.5899983696462,ALMANAC,-14.26744
163254,HL-60,Imatinib,Imatinib,exact,Nilotinib,Nilotinib,exact,-14.0331641290085,0.508373113275236,10.430943512816,-17.5611093777778,ALMANAC,-13.7734585
167543,HL-60,"Azacytidine, 5-",Azacytidine,fuzzy,Dasatinib,Dasatinib,exact,0.24687588281462,-0.729936276850329,-1.20951395885234,0.467558888888888,ALMANAC,-12.034696
168863,HL-60,Sunitinib,Sunitinib,exact,Bortezomib,Bortezomib (Velcade),exact,-18.0141744012688,-1.15421213107403,-0.244356461408432,-1.94768333333333,ALMANAC,-14.882905
168996,HL-60,CYTARABINE HYDROCHLORIDE,Cytarabine,exact,Lapatinib,Lapatinib,exact,-24.2173962536328,-0.503228199495567,2.24425901561895,-4.04603117777778,ALMANAC,-7.9191465
173455,HL-60,CYTARABINE HYDROCHLORIDE,Cytarabine,exact,Nilotinib,Nilotinib,exact,-19.5937544245945,4.57287834616412,-0.71650549508048,-11.8460556222222,ALMANAC,-16.293562
176131,HL-60,Lapatinib,Lapatinib,exact,Bortezomib,Bortezomib (Velcade),exact,-47.1932004453528,1.13765942738248,2.28095302689581,-2.35333161111111,ALMANAC,-15.629001
185890,HL-60,Lapatinib,Lapatinib,exact,Sunitinib,Sunitinib,exact,-15.189938434867,3.51978421861958,5.56032213396851,-13.2199980933333,ALMANAC,-12.573849
192576,HL-60,Imatinib,Imatinib,exact,Erlotinib hydrochloride,Erlotinib,exact,-5.66837345411774,-0.563257560010911,1.25047850890455,-6.09336148777778,ALMANAC,-9.802297
195437,HL-60,"Azacytidine, 5-",Azacytidine,fuzzy,Bortezomib,Bortezomib (Velcade),exact,-6.4287918574947,-1.51426699556668,-0.915999456211035,-0.580212709999999,ALMANAC,-14.03048
204801,HL-60,Lenalidomide,Lenalidomide,exact,Dasatinib,Dasatinib,exact,-2.41643591455043,0.0730053161600568,-3.23523089503277,-2.08310644444444,ALMANAC,-6.920125
207698,HL-60,Lapatinib,Lapatinib,exact,Erlotinib hydrochloride,Erlotinib,exact,-1.79318540622987,-1.58171923579027,0.54508919790365,-2.56669442222222,ALMANAC,-7.9583917
210206,HL-60,Erlotinib hydrochloride,Erlotinib,exact,Bortezomib,Bortezomib (Velcade),exact,-33.4358305655905,-6.16385694303044,-7.20900610492397,0.491274444444443,ALMANAC,-7.2191157
214135,HL-60,CYTARABINE HYDROCHLORIDE,Cytarabine,exact,Dasatinib,Dasatinib,exact,-2.81661883297432,-1.05929986567508,-0.781266671536351,0.155338888888891,ALMANAC,-7.3905516
222168,HL-60,Nilotinib,Nilotinib,exact,Erlotinib hydrochloride,Erlotinib,exact,-6.84347918724108,-1.33243766484583,0.674271553090737,-6.32666534444444,ALMANAC,-8.267354
235676,HL-60,Nilotinib,Nilotinib,exact,"Azacytidine, 5-",Azacytidine,fuzzy,-10.4550591704099,-1.19961167218755,0.0583090708857463,-1.11098002115909,ALMANAC,-11.717944
240007,HL-60,"Azacytidine, 5-",Azacytidine,fuzzy,Erlotinib hydrochloride,Erlotinib,exact,-13.6937895509388,2.44835947382688,-1.12826837307882,4.14644854803013,ALMANAC,-5.661862
240466,HL-60,Nilotinib,Nilotinib,exact,Bortezomib,Bortezomib (Velcade),exact,-28.0187693145399,2.32297765524552,3.12511466906132,-2.82773257653204,ALMANAC,-15.159218
240635,HL-60,Imatinib,Imatinib,exact,"Azacytidine, 5-",Azacytidine,fuzzy,-29.2350376817281,1.04980489593955,1.9732206074044,-4.31553771804094,ALMANAC,-12.680787
244646,HL-60,CYTARABINE HYDROCHLORIDE,Cytarabine,exact,Imatinib,Imatinib,exact,-24.9227317595263,1.27468053897925,1.86860124391594,-0.120218118636521,ALMANAC,-8.776131
248984,HL-60,CYTARABINE HYDROCHLORIDE,Cytarabine,exact,Bortezomib,Bortezomib (Velcade),exact,-15.7911934247707,-0.55499865379733,-0.545948944070185,-0.642188228105374,ALMANAC,-17.754604
251901,HL-60,CYTARABINE HYDROCHLORIDE,Cytarabine,exact,"Azacytidine, 5-",Azacytidine,fuzzy,-12.5284978699325,-5.02258955746826,-6.19535865498013,-9.20691895547742,ALMANAC,-11.337506
257169,HL-60,Sorafenib,Sorafenib,exact,Bortezomib,Bortezomib (Velcade),exact,-68.4187002969449,1.59932537717777,2.45028710661584,-2.07110948075731,ALMANAC,-33.54289
260545,HL-60,Imatinib,Imatinib,exact,Bortezomib,Bortezomib (Velcade),exact,-49.5017641727839,-0.103777754647594,2.6849876631465,-4.8166052582601,ALMANAC,-16.981258
263877,HL-60,Sorafenib,Sorafenib,exact,Erlotinib hydrochloride,Erlotinib,exact,-5.66083191068329,-2.6692439461373,4.41799964040468,-3.96777614742397,ALMANAC,-10.02293
266476,HL-60,Dasatinib,Dasatinib,exact,Bortezomib,Bortezomib (Velcade),exact,-2.63089511816832,1.10502551473536,0.736812041735926,-0.0999224349912125,ALMANAC,-7.08212
269305,HL-60,Gefitinib,Gefitinib,exact,Dasatinib,Dasatinib,exact,1.07988065410819,3.42818415769819,-0.534579240676991,1.11333743691903,ALMANAC,-10.492721
269397,HL-60,"Azacytidine, 5-",Azacytidine,fuzzy,Lapatinib,Lapatinib,exact,-30.9094215704341,-0.783997452903823,1.84715515006537,-4.70936363696081,ALMANAC,-18.685566
271927,HL-60,Nilotinib,Nilotinib,exact,Dasatinib,Dasatinib,exact,4.77399368890847,-0.696711456829538,-2.69138956932226,0.995337436919031,ALMANAC,-11.024583
275326,HL-60,Dasatinib,Dasatinib,exact,Erlotinib hydrochloride,Erlotinib,exact,1.33160429369916,-2.77365185098735,-2.14418838974693,-2.19082903042948,ALMANAC,-1.6602616
286978,HL-60,"Azacytidine, 5-",Azacytidine,fuzzy,Sunitinib,Sunitinib,exact,-11.1599291778383,1.06584897054414,4.65419858804755,-8.36827634674212,ALMANAC,-8.535715
290269,HL-60,Dasatinib,Dasatinib,exact,Sunitinib,Sunitinib,exact,0.253961298762118,2.32834146361776,0.304517352483073,0.422283630628818,ALMANAC,-10.4645195
293260,HL-60,Nilotinib,Nilotinib,exact,Lapatinib,Lapatinib,exact,-4.6813473355269,1.66180570752928,4.44664574991055,-6.29564335674673,ALMANAC,-14.466842
293397,HL-60,CYTARABINE HYDROCHLORIDE,Cytarabine,exact,Erlotinib hydrochloride,Erlotinib,exact,-7.61168226227284,-0.451959124347657,5.94802666125773,-8.1760541245199,ALMANAC,-11.368524
295441,HL-60,Sunitinib,Sunitinib,exact,Erlotinib hydrochloride,Erlotinib,exact,15.481048037764,3.00650792433497,4.52061128326858,5.27753583824883,ALMANAC,-2.7573924
298456,HL-60,Pazopanib hydrochloride,Pazopanib (GW786034),exact,Vandetanib,Vandetanib (ZD6474),exact,-4.10979618212067,19.670138762755,17.838417497333,-4.76866503631286,ALMANAC,-9.776261
298543,HL-60,Vemurafenib,Vemurafenib (PLX-4032),exact,Vandetanib,Vandetanib (ZD6474),exact,-21.1149250430097,-5.23151719278865,6.98329605871677,-20.5452763467421,ALMANAC,-13.192931
298729,HL-60,Vismodegib,Vismodegib (GDC-0449),exact,Vandetanib,Vandetanib (ZD6474),exact,-4.8222630298139,4.75612250300148,4.11114212844037,-3.7219092858542,ALMANAC,-11.277652
298770,HL-60,Crizotinib,Crizotinib (PF-2341066),exact,Vandetanib,Vandetanib (ZD6474),exact,-22.5305445766707,-3.31730737639755,-2.12847577894156,-10.8670006328006,ALMANAC,-15.786843
298854,HL-60,Axitinib,Axitinib (AG-013736),exact,Vandetanib,Vandetanib (ZD6474),exact,-6.0612760744069,4.28079947251822,0.3686425776087,-2.82755145196984,ALMANAC,-13.779736
298938,HL-60,Ruxolitinib,Ruxolitinib (INCB018424),exact,Vandetanib,Vandetanib (ZD6474),exact,-9.7711168161146,2.66284687198492,10.3213993094688,-11.2913156442535,ALMANAC,-10.695244
311843,HL-60,Pazopanib hydrochloride,Pazopanib (GW786034),exact,Sorafenib,Sorafenib,exact,-43.9845034992178,-2.52278020999517,12.4162128039808,-19.6159383830958,ALMANAC,-17.961946
311928,HL-60,Vemurafenib,Vemurafenib (PLX-4032),exact,Sorafenib,Sorafenib,exact,-11.5391382693797,6.64837697409621,4.67894901690247,-2.71706414962897,ALMANAC,-35.70018
312172,HL-60,Lenalidomide,Lenalidomide,exact,Sorafenib,Sorafenib,exact,-31.2756446441246,-0.656499302764316,-4.34915230232702,-1.27890622783039,ALMANAC,-14.481677
312353,HL-60,Vandetanib,Vandetanib (ZD6474),exact,Sorafenib,Sorafenib,exact,-40.9071145758524,-19.5165188640941,3.14335140554896,-25.2173828275402,ALMANAC,-24.18915
312591,HL-60,Axitinib,Axitinib (AG-013736),exact,Sorafenib,Sorafenib,exact,-25.7996233812253,-19.1859010378004,-1.15305505383311,-20.1639062278304,ALMANAC,-16.378824
312628,HL-60,Vismodegib,Vismodegib (GDC-0449),exact,Sorafenib,Sorafenib,exact,-38.1756966884362,-16.921231560754,0.815175689047097,-21.2656197051845,ALMANAC,-14.391388
312703,HL-60,Crizotinib,Crizotinib (PF-2341066),exact,Sorafenib,Sorafenib,exact,-2.41557532350053,3.03902458585088,-0.477501518568211,-0.268286371851199,ALMANAC,-19.787287
313044,HL-60,Ruxolitinib,Ruxolitinib (INCB018424),exact,Sorafenib,Sorafenib,exact,-46.7842812769956,-13.697389670346,4.7322807367286,-22.4363495788592,ALMANAC,-29.01634
313776,HL-60,Gefitinib,Gefitinib,exact,Bortezomib,Bortezomib (Velcade),exact,-6.48987916311535,-10.2801227950393,-7.35180751553996,-6.44641895547739,ALMANAC,-8.727653
315594,HL-60,Gefitinib,Gefitinib,exact,Sorafenib,Sorafenib,exact,-2.36749834616175,0.79964234186392,-1.27645357598687,-0.246238262781633,ALMANAC,-12.135948
315912,HL-60,Ruxolitinib,Ruxolitinib (INCB018424),exact,Bortezomib,Bortezomib (Velcade),exact,1.96454127991085,17.1580486060822,16.9852782109427,6.80277940813157,ALMANAC,-14.848015
316086,HL-60,Crizotinib,Crizotinib (PF-2341066),exact,Bortezomib,Bortezomib (Velcade),exact,-3.78536370418366,-1.09246344788228,-9.32929691637399,-3.7550541245199,ALMANAC,-17.958588
316154,HL-60,Vismodegib,Vismodegib (GDC-0449),exact,Bortezomib,Bortezomib (Velcade),exact,-6.33957536163148,-0.478730410679007,-1.71014605177441,-2.86461164736292,ALMANAC,-11.074669
316164,HL-60,Axitinib,Axitinib (AG-013736),exact,Bortezomib,Bortezomib (Velcade),exact,16.1788471282338,12.5699597466155,10.7524264802483,16.1891680977023,ALMANAC,-17.847055
316307,HL-60,Vandetanib,Vandetanib (ZD6474),exact,Bortezomib,Bortezomib (Velcade),exact,-25.7093079884402,-14.8730802401533,-2.28616698053042,-21.6443317029795,ALMANAC,-13.295047
316545,HL-60,Lenalidomide,Lenalidomide,exact,Bortezomib,Bortezomib (Velcade),exact,-6.00830900455021,-10.9428985049802,-8.18324858046394,-2.97505957132118,ALMANAC,-17.746248
316832,HL-60,Vemurafenib,Vemurafenib (PLX-4032),exact,Bortezomib,Bortezomib (Velcade),exact,5.61153067017746,18.6832397135309,12.5073511164447,10.0659439081926,ALMANAC,-25.942074
317098,HL-60,Pazopanib hydrochloride,Pazopanib (GW786034),exact,Bortezomib,Bortezomib (Velcade),exact,-15.4120142756447,9.72877326018562,14.1694901923214,-10.573776147424,ALMANAC,-16.359793
319370,HL-60,Pazopanib hydrochloride,Pazopanib (GW786034),exact,Crizotinib,Crizotinib (PF-2341066),exact,-23.7443685047604,19.5832578469435,19.3478789521222,-1.20110574381889,ALMANAC,-24.41095
319534,HL-60,Lenalidomide,Lenalidomide,exact,Crizotinib,Crizotinib (PF-2341066),exact,-23.063340005836,-6.62377449247128,-9.05176378483672,-9.36023956116371,ALMANAC,-15.625373
319818,HL-60,Vemurafenib,Vemurafenib (PLX-4032),exact,Crizotinib,Crizotinib (PF-2341066),exact,-32.1709379809898,-14.3663528843773,-2.92890485402699,-26.5508794271481,ALMANAC,-15.52611
319901,HL-60,Vismodegib,Vismodegib (GDC-0449),exact,Crizotinib,Crizotinib (PF-2341066),exact,-22.1241553991936,-5.59737781358179,-4.3126508367538,-11.7730786182632,ALMANAC,-9.195959
319974,HL-60,Axitinib,Axitinib (AG-013736),exact,Crizotinib,Crizotinib (PF-2341066),exact,-1.18442838419133,7.99380788445319,-1.17483331774688,4.22798266105852,ALMANAC,-9.45038
320300,HL-60,Vandetanib,Vandetanib (ZD6474),exact,Crizotinib,Crizotinib (PF-2341066),exact,-14.0627909136353,5.14950575117125,-1.92444229967625,-2.40011719103774,ALMANAC,-11.022257
320678,HL-60,Ruxolitinib,Ruxolitinib (INCB018424),exact,Crizotinib,Crizotinib (PF-2341066),exact,-37.4440387559894,-3.76353276087768,1.06765272944269,-15.4594850019418,ALMANAC,-19.883556
321796,HL-60,Gefitinib,Gefitinib,exact,Crizotinib,Crizotinib (PF-2341066),exact,-6.5242417635664,-2.1811544174289,-7.22929102580534,-6.14346048500386,ALMANAC,-9.111079
323877,HL-60,Vandetanib,Vandetanib (ZD6474),exact,Lapatinib,Lapatinib,exact,-7.83605123974848,0.801448655265005,8.70066510157983,-9.27599107838826,ALMANAC,-10.396808
323960,HL-60,Axitinib,Axitinib (AG-013736),exact,Lapatinib,Lapatinib,exact,-18.0867205188514,-6.84260395018837,0.789244131763823,-14.8529958964143,ALMANAC,-12.901017
324020,HL-60,Vismodegib,Vismodegib (GDC-0449),exact,Lapatinib,Lapatinib,exact,-12.5209858646752,-1.94227940553844,4.59379467061045,-11.4152983865028,ALMANAC,-11.253467
324163,HL-60,Crizotinib,Crizotinib (PF-2341066),exact,Lapatinib,Lapatinib,exact,-24.5069890211152,-4.4140731165068,-0.194395434328423,-12.8861127312916,ALMANAC,-10.005581
324333,HL-60,Ruxolitinib,Ruxolitinib (INCB018424),exact,Lapatinib,Lapatinib,exact,-10.7337419308815,-3.83324394127723,10.9070177928748,-18.6160696011389,ALMANAC,-7.238173
324696,HL-60,Pazopanib hydrochloride,Pazopanib (GW786034),exact,Lapatinib,Lapatinib,exact,-7.93006284059326,6.43484548477064,17.5629006741899,-18.2521433567467,ALMANAC,-15.791922
324728,HL-60,Vemurafenib,Vemurafenib (PLX-4032),exact,Lapatinib,Lapatinib,exact,-31.182382440598,-14.4860062685508,7.51356790726224,-30.3439213338427,ALMANAC,-16.4156
324989,HL-60,Lenalidomide,Lenalidomide,exact,Lapatinib,Lapatinib,exact,3.24272969227073,11.3218923982159,5.36558314103429,3.66555965914123,ALMANAC,-9.462615
325395,HL-60,Gefitinib,Gefitinib,exact,Lapatinib,Lapatinib,exact,2.61750945560738,11.5482574195394,6.41812767635567,3.47028382893657,ALMANAC,-3.026768
328148,HL-60,Vemurafenib,Vemurafenib (PLX-4032),exact,Axitinib,Axitinib (AG-013736),exact,-15.5116044250527,-3.77768012376043,-0.524622915375051,-14.1732522888107,ALMANAC,-13.449178
329932,HL-60,Ruxolitinib,Ruxolitinib (INCB018424),exact,Axitinib,Axitinib (AG-013736),exact,-13.4510703439129,4.12450693545757,2.02987727281559,-6.74599836964621,ALMANAC,-8.667861
330154,HL-60,Crizotinib,Crizotinib (PF-2341066),exact,Axitinib,Axitinib (AG-013736),exact,3.70111206726002,10.093580551366,4.34456564492841,6.32716809770231,ALMANAC,-15.238224
330201,HL-60,Vismodegib,Vismodegib (GDC-0449),exact,Axitinib,Axitinib (AG-013736),exact,1.27525653120148,7.71773070758525,-2.72255027924344,3.67874771118925,ALMANAC,-15.112805
330458,HL-60,Vandetanib,Vandetanib (ZD6474),exact,Axitinib,Axitinib (AG-013736),exact,-3.84401285334171,6.61271860033314,0.368992977622019,-0.495442814090644,ALMANAC,-13.779736
339920,HL-60,Axitinib,Axitinib (AG-013736),exact,Ruxolitinib,Ruxolitinib (INCB018424),exact,-16.1191087217716,1.4514678838645,2.03104595173864,-9.41921811863653,ALMANAC,-8.667861
340035,HL-60,Vismodegib,Vismodegib (GDC-0449),exact,Ruxolitinib,Ruxolitinib (INCB018424),exact,-4.15155138630263,12.3989802193478,10.738924288928,-0.661953068505783,ALMANAC,-9.372667
340140,HL-60,Crizotinib,Crizotinib (PF-2341066),exact,Ruxolitinib,Ruxolitinib (INCB018424),exact,-34.5467854249551,-0.866354701113487,-0.401948516271426,-12.5630016201805,ALMANAC,-15.265007
340292,HL-60,Vandetanib,Vandetanib (ZD6474),exact,Ruxolitinib,Ruxolitinib (INCB018424),exact,1.03847429072547,13.4761713926512,11.061781979105,-0.478491078388258,ALMANAC,-9.743928
340935,HL-60,Vismodegib,Vismodegib (GDC-0449),exact,Gefitinib,Gefitinib,exact,-2.5902723828682,5.38906395526674,2.70195165625187,1.39497123179355,ALMANAC,-13.592414
341031,HL-60,Crizotinib,Crizotinib (PF-2341066),exact,Gefitinib,Gefitinib,exact,5.68736310504295,10.0063942879441,0.637344171629,6.04350272941771,ALMANAC,-2.5569613
341103,HL-60,Axitinib,Axitinib (AG-013736),exact,Gefitinib,Gefitinib,exact,1.99218335053256,0.0535343371761942,-2.3995332947218,2.16690717627641,ALMANAC,-4.459863
341333,HL-60,Vandetanib,Vandetanib (ZD6474),exact,Gefitinib,Gefitinib,exact,1.6234223222911,9.64341238396195,5.00045367629384,2.47528135570467,ALMANAC,-11.465784
341436,HL-60,Ruxolitinib,Ruxolitinib (INCB018424),exact,Gefitinib,Gefitinib,exact,-6.98326625908617,8.132053696635,6.60516691366878,-2.83016308873977,ALMANAC,-0.40601945
341794,HL-60,Vemurafenib,Vemurafenib (PLX-4032),exact,Ruxolitinib,Ruxolitinib (INCB018424),exact,-29.5934636491082,-5.96896980866458,9.07915887979422,-24.424254667176,ALMANAC,-11.852582
341847,HL-60,Gefitinib,Gefitinib,exact,Imatinib,Imatinib,exact,3.74007509021974,12.731949018243,7.48392910184544,5.92632252814026,ALMANAC,-13.010708
341940,HL-60,Pazopanib hydrochloride,Pazopanib (GW786034),exact,Ruxolitinib,Ruxolitinib (INCB018424),exact,12.7285856398919,25.6945203291013,20.4223260183874,-0.974421134524502,ALMANAC,-10.147305
342212,HL-60,Pazopanib hydrochloride,Pazopanib (GW786034),exact,Imatinib,Imatinib,exact,-11.9777770630231,3.91152987182211,17.4459805945869,-20.8800878011912,ALMANAC,-15.642944
342314,HL-60,Pazopanib hydrochloride,Pazopanib (GW786034),exact,Gefitinib,Gefitinib,exact,-9.69659959241952,15.9490349305686,19.0045370898127,-5.54349642207312,ALMANAC,-8.250042
342450,HL-60,Lenalidomide,Lenalidomide,exact,Imatinib,Imatinib,exact,1.2567667260018,8.15331095165627,4.95418937757574,1.75100410358567,ALMANAC,-10.31209
342565,HL-60,Lenalidomide,Lenalidomide,exact,Gefitinib,Gefitinib,exact,-11.4285689724045,-8.87453330629,-2.41907955606344,-5.06323956116372,ALMANAC,-6.2419987
342659,HL-60,Vemurafenib,Vemurafenib (PLX-4032),exact,Imatinib,Imatinib,exact,-28.2704231964817,-9.7813359903882,6.87463665002967,-25.4615880005093,ALMANAC,-11.202764
342842,HL-60,Axitinib,Axitinib (AG-013736),exact,Imatinib,Imatinib,exact,-23.301944971032,-10.7257320856369,0.282454326382424,-17.5350142449014,ALMANAC,-7.7418175
342847,HL-60,Vismodegib,Vismodegib (GDC-0449),exact,Imatinib,Imatinib,exact,-17.521632940399,-7.67683009348696,4.01224051454581,-17.4155086240613,ALMANAC,-15.763413
342941,HL-60,Vemurafenib,Vemurafenib (PLX-4032),exact,Gefitinib,Gefitinib,exact,-7.03701997605086,3.92312030784694,3.4602626989911,-6.48447321265089,ALMANAC,-2.5575662
343049,HL-60,Crizotinib,Crizotinib (PF-2341066),exact,Imatinib,Imatinib,exact,-41.3733661384151,-11.8823419686608,-2.206179039353,-20.7402666376744,ALMANAC,-13.954682
343236,HL-60,Vandetanib,Vandetanib (ZD6474),exact,Imatinib,Imatinib,exact,-9.2389050500866,-1.04667795907242,8.03840551460648,-12.0384910783883,ALMANAC,-11.754572
343281,HL-60,Ruxolitinib,Ruxolitinib (INCB018424),exact,Imatinib,Imatinib,exact,-15.0763299569092,-8.09178840061465,10.2013991019602,-23.1610204094068,ALMANAC,-15.249388
352217,HL-60,Vemurafenib,Vemurafenib (PLX-4032),exact,Vismodegib,Vismodegib (GDC-0449),exact,-22.11708824684,-6.05817071547165,3.08566806411541,-19.3363633999218,ALMANAC,-14.596786
352425,HL-60,Pazopanib hydrochloride,Pazopanib (GW786034),exact,Vismodegib,Vismodegib (GDC-0449),exact,-1.52581387891646,25.8394512734053,21.3592339817735,2.58139051924269,ALMANAC,-10.300883
352623,HL-60,Ruxolitinib,Ruxolitinib (INCB018424),exact,Vismodegib,Vismodegib (GDC-0449),exact,-15.0586768790467,1.48577823124635,6.01697507144694,-11.5742634197769,ALMANAC,-8.64954
352672,HL-60,Vandetanib,Vandetanib (ZD6474),exact,Vismodegib,Vismodegib (GDC-0449),exact,-2.33714017767772,7.24080059112192,5.59581636566539,-1.2371369552024,ALMANAC,-14.463416
352849,HL-60,Crizotinib,Crizotinib (PF-2341066),exact,Vismodegib,Vismodegib (GDC-0449),exact,-21.7112695164569,-5.18395729747459,-4.40824838157199,-11.3597074234822,ALMANAC,-9.195959
352885,HL-60,Axitinib,Axitinib (AG-013736),exact,Vismodegib,Vismodegib (GDC-0449),exact,-7.11382595127175,1.05993411233521,-2.72289548858237,-2.97893028576176,ALMANAC,-15.112805
355878,HL-60,Vemurafenib,Vemurafenib (PLX-4032),exact,Dasatinib,Dasatinib,exact,-29.2495283311359,-18.4538750466336,1.08923491056998,-29.2154985689644,ALMANAC,-6.8770123
361164,HL-60,Axitinib,Axitinib (AG-013736),exact,Dasatinib,Dasatinib,exact,-9.7571090177688,-11.2668372974379,-4.30643435455124,-9.71016523563101,ALMANAC,-7.784929
361237,HL-60,Vismodegib,Vismodegib (GDC-0449),exact,Dasatinib,Dasatinib,exact,-18.2248327326898,-13.8045392386213,-1.25361927506477,-18.1776096800755,ALMANAC,-15.046032
361368,HL-60,Crizotinib,Crizotinib (PF-2341066),exact,Dasatinib,Dasatinib,exact,-18.326695432545,-13.7239495458182,-6.34322598136792,-18.2723874578532,ALMANAC,-8.173935
361856,HL-60,Vandetanib,Vandetanib (ZD6474),exact,Dasatinib,Dasatinib,exact,-17.6295629096533,-8.8957016597623,2.04177409958648,-16.2425539252018,ALMANAC,-9.171497
362555,HL-60,Ruxolitinib,Ruxolitinib (INCB018424),exact,Dasatinib,Dasatinib,exact,-25.5274786559019,-12.5407966790823,3.81217377761614,-23.7763317029795,ALMANAC,-8.863654
366911,HL-60,Vandetanib,Vandetanib (ZD6474),exact,Erlotinib hydrochloride,Erlotinib,exact,11.0681527697125,17.9865198651062,16.7429882956786,10.5628905192427,ALMANAC,-8.880183
367070,HL-60,Axitinib,Axitinib (AG-013736),exact,Erlotinib hydrochloride,Erlotinib,exact,-17.8428216856185,-16.1622794170139,-3.63736404650886,-14.8807207911866,ALMANAC,-8.588541
367152,HL-60,Crizotinib,Crizotinib (PF-2341066),exact,Erlotinib hydrochloride,Erlotinib,exact,-4.59073091331681,8.74670715765864,6.74260725887143,3.94672365325787,ALMANAC,-14.4349575
367233,HL-60,Vismodegib,Vismodegib (GDC-0449),exact,Erlotinib hydrochloride,Erlotinib,exact,15.2267813351007,19.6255698418027,19.3148637872191,14.8906125421467,ALMANAC,-11.198023
367336,HL-60,Ruxolitinib,Ruxolitinib (INCB018424),exact,Erlotinib hydrochloride,Erlotinib,exact,-13.9986631730251,-3.15104822088049,4.74373740954549,-14.5039983696462,ALMANAC,-7.0039454
367598,HL-60,Pazopanib hydrochloride,Pazopanib (GW786034),exact,Erlotinib hydrochloride,Erlotinib,exact,-20.5882187285807,1.16504958488958,10.257169523142,-21.0935539252018,ALMANAC,-9.7090025
367685,HL-60,Vemurafenib,Vemurafenib (PLX-4032),exact,Erlotinib hydrochloride,Erlotinib,exact,4.65458586682596,15.5219849671237,3.6169183483629,4.32561254214676,ALMANAC,-5.261062
367799,HL-60,Lenalidomide,Lenalidomide,exact,Erlotinib hydrochloride,Erlotinib,exact,-0.850603641062594,-2.2391794908318,-2.48805175422287,-0.4277736741921,ALMANAC,-8.042632
368854,HL-60,Gefitinib,Gefitinib,exact,Erlotinib hydrochloride,Erlotinib,exact,1.1050845554102,-0.315211002642761,-3.30975311841378,1.17350143103566,ALMANAC,-2.1733487
369061,HL-60,Gefitinib,Gefitinib,exact,Sunitinib,Sunitinib,exact,0.0152739645956961,2.10782839770866,-0.602076422208926,0.235950495603248,ALMANAC,-2.9727955
369771,HL-60,Gefitinib,Gefitinib,exact,Vemurafenib,Vemurafenib (PLX-4032),exact,-0.962559972361446,10.0466429845629,-0.149699649077382,-0.360817876268575,ALMANAC,-2.5575662
369995,HL-60,Ruxolitinib,Ruxolitinib (INCB018424),exact,Sunitinib,Sunitinib,exact,-6.53495891500577,6.79983359714954,7.11005221167859,-5.01644281409063,ALMANAC,-14.462629
370284,HL-60,Vismodegib,Vismodegib (GDC-0449),exact,Sunitinib,Sunitinib,exact,-1.27451202899424,5.55703887538833,0.974537747452656,-0.605943013408802,ALMANAC,-11.521108
370359,HL-60,Crizotinib,Crizotinib (PF-2341066),exact,Sunitinib,Sunitinib,exact,10.1381349870446,16.3799859710423,10.8557608499525,10.5873903199245,ALMANAC,-12.792985
370387,HL-60,Axitinib,Axitinib (AG-013736),exact,Sunitinib,Sunitinib,exact,-15.3922911305809,-10.3354450967616,-2.36472481558293,-12.191662563081,ALMANAC,-12.293152
370565,HL-60,Vandetanib,Vandetanib (ZD6474),exact,Sunitinib,Sunitinib,exact,-9.32574096100745,-0.489513734641566,4.57914605457425,-8.2161094807573,ALMANAC,-10.542244
372081,HL-60,Lenalidomide,Lenalidomide,exact,Sunitinib,Sunitinib,exact,-1.70745256883757,0.395065673864891,-4.59078094763609,-1.37910700752543,ALMANAC,-8.6378975
372328,HL-60,Vemurafenib,Vemurafenib (PLX-4032),exact,Sunitinib,Sunitinib,exact,-1.290328608851,12.2455270184871,10.0973299295154,-0.666387457853234,ALMANAC,-14.105204
372475,HL-60,Pazopanib hydrochloride,Pazopanib (GW786034),exact,Sunitinib,Sunitinib,exact,-32.3579589150058,-7.67244144819149,12.3575497011462,-30.8394428140906,ALMANAC,-9.169778
374044,HL-60,Gefitinib,Gefitinib,exact,CYTARABINE HYDROCHLORIDE,Cytarabine,exact,7.6488961669396,5.44995710204589,2.57828816881082,8.88258321112819,ALMANAC,0.42227423
374687,HL-60,Vemurafenib,Vemurafenib (PLX-4032),exact,CYTARABINE HYDROCHLORIDE,Cytarabine,exact,-23.7237630849882,15.3621842555816,14.8773626521494,8.13916829702043,ALMANAC,-21.85988
374869,HL-60,Lenalidomide,Lenalidomide,exact,CYTARABINE HYDROCHLORIDE,Cytarabine,exact,-50.3074298728721,-3.57445431265167,-2.21978384224049,3.3349511001095,ALMANAC,-15.4191065
375017,HL-60,Pazopanib hydrochloride,Pazopanib (GW786034),exact,CYTARABINE HYDROCHLORIDE,Cytarabine,exact,-54.80758735762,6.9871053555697,11.6418611386142,-10.1599428140907,ALMANAC,-22.63033
375828,HL-60,Ruxolitinib,Ruxolitinib (INCB018424),exact,CYTARABINE HYDROCHLORIDE,Cytarabine,exact,-54.6711429131756,-1.2776854088115,-0.519400770659037,-10.0234983696462,ALMANAC,-14.433283
376013,HL-60,Vandetanib,Vandetanib (ZD6474),exact,CYTARABINE HYDROCHLORIDE,Cytarabine,exact,-22.7535631650623,11.5087832843974,12.2649212535544,5.78994607479821,ALMANAC,-13.662499
376142,HL-60,Axitinib,Axitinib (AG-013736),exact,CYTARABINE HYDROCHLORIDE,Cytarabine,exact,-11.3579115462189,1.35675836116625,-0.653873653147694,4.9043032667448,ALMANAC,-12.751095
376225,HL-60,Vismodegib,Vismodegib (GDC-0449),exact,CYTARABINE HYDROCHLORIDE,Cytarabine,exact,-29.8170198902582,14.4034078597051,12.8102879399961,12.4336943222393,ALMANAC,-9.13314
376291,HL-60,Crizotinib,Crizotinib (PF-2341066),exact,CYTARABINE HYDROCHLORIDE,Cytarabine,exact,1.52405824606743,11.40227794612,9.67193915590713,11.1317477111892,ALMANAC,-15.550879
377482,HL-60,Lenalidomide,Lenalidomide,exact,Vemurafenib,Vemurafenib (PLX-4032),exact,-2.78756660733152,6.2877934287089,0.848076923283314,-2.29332922974765,ALMANAC,-13.181392
385177,HL-60,Pazopanib hydrochloride,Pazopanib (GW786034),exact,Vemurafenib,Vemurafenib (PLX-4032),exact,14.8342375135209,38.6099431265013,36.4618019505217,12.6981563123568,ALMANAC,-16.752834
386109,HL-60,Ruxolitinib,Ruxolitinib (INCB018424),exact,Vemurafenib,Vemurafenib (PLX-4032),exact,-9.66818188188833,2.34958007350903,12.329011483689,-14.1365140455833,ALMANAC,-13.319356
386331,HL-60,Vandetanib,Vandetanib (ZD6474),exact,Vemurafenib,Vemurafenib (PLX-4032),exact,-0.519342119781682,10.2477533094957,15.0737733247081,-2.27758029817357,ALMANAC,-11.029284
386544,HL-60,Axitinib,Axitinib (AG-013736),exact,Vemurafenib,Vemurafenib (PLX-4032),exact,-13.3793894154765,2.46005732737567,1.81055416383895,-7.50155145196986,ALMANAC,-11.45126
386653,HL-60,Vismodegib,Vismodegib (GDC-0449),exact,Vemurafenib,Vemurafenib (PLX-4032),exact,-10.5122037635936,2.31081480008117,11.2809311383011,-9.42627649517694,ALMANAC,-11.663552
386763,HL-60,Crizotinib,Crizotinib (PF-2341066),exact,Vemurafenib,Vemurafenib (PLX-4032),exact,-39.4462689340599,-8.10900628492436,-0.828494696380837,-18.6186463955213,ALMANAC,-21.874454
391122,HL-60,Gefitinib,Gefitinib,exact,Nilotinib,Nilotinib,exact,-2.03180236162928,7.00547320892491,1.67788270180531,-1.76171617106343,ALMANAC,-7.575518
391667,HL-60,Vemurafenib,Vemurafenib (PLX-4032),exact,Nilotinib,Nilotinib,exact,-22.0798123272977,-6.67401454557561,7.921884940568,-22.8711435560649,ALMANAC,-14.736041
391944,HL-60,Lenalidomide,Lenalidomide,exact,Nilotinib,Nilotinib,exact,-2.10822405981572,6.5416891848022,3.75668556831701,-1.76788478530321,ALMANAC,-9.477166
392292,HL-60,Pazopanib hydrochloride,Pazopanib (GW786034),exact,Nilotinib,Nilotinib,exact,-14.4656506368961,6.26939816552358,18.0974208284129,-18.6097544678578,ALMANAC,-15.428907
393138,HL-60,Ruxolitinib,Ruxolitinib (INCB018424),exact,Nilotinib,Nilotinib,exact,-9.90377337996948,0.586223046975719,11.357948908629,-14.7149029344722,ALMANAC,-12.698131
393390,HL-60,Vandetanib,Vandetanib (ZD6474),exact,Nilotinib,Nilotinib,exact,-7.54570314997843,1.82936703185128,9.12388990241459,-8.71204663394383,ALMANAC,-11.527555
393459,HL-60,Axitinib,Axitinib (AG-013736),exact,Nilotinib,Nilotinib,exact,-15.5578991656156,-3.64193203026875,1.11311469836881,-12.3357736741921,ALMANAC,-8.583762
393507,HL-60,Crizotinib,Crizotinib (PF-2341066),exact,Nilotinib,Nilotinib,exact,-23.769300592621,-3.14456668269692,2.11529993522892,-12.0784353681774,ALMANAC,-18.424484
393586,HL-60,Vismodegib,Vismodegib (GDC-0449),exact,Nilotinib,Nilotinib,exact,-12.323048548114,-1.01633592756326,4.96544414961459,-11.0109193409512,ALMANAC,-9.037096
396099,HL-60,Gefitinib,Gefitinib,exact,"Azacytidine, 5-",Azacytidine,fuzzy,-2.60143179116933,-0.446569259248517,-6.08139518754889,-2.01551604055941,ALMANAC,-8.944906
397288,HL-60,Vandetanib,Vandetanib (ZD6474),exact,"Azacytidine, 5-",Azacytidine,fuzzy,-12.1670105692012,9.95181221786146,7.14665438100205,2.88339051924268,ALMANAC,-8.2722845
397375,HL-60,Axitinib,Axitinib (AG-013736),exact,"Azacytidine, 5-",Azacytidine,fuzzy,6.84414504646839,12.113913701297,8.34362451665676,10.7557048832807,ALMANAC,-13.392636
397508,HL-60,Vismodegib,Vismodegib (GDC-0449),exact,"Azacytidine, 5-",Azacytidine,fuzzy,-1.21482018816022,11.845529657058,6.32610656307014,6.57291437785593,ALMANAC,-8.140239
397579,HL-60,Crizotinib,Crizotinib (PF-2341066),exact,"Azacytidine, 5-",Azacytidine,fuzzy,6.2577661965854,12.4820475504052,8.25591586150279,8.84583476436898,ALMANAC,-10.21501
397592,HL-60,Vemurafenib,Vemurafenib (PLX-4032),exact,"Azacytidine, 5-",Azacytidine,fuzzy,-6.21576371491226,12.0250721940457,6.3012936490789,0.43358104452259,ALMANAC,-12.982625
397885,HL-60,Lenalidomide,Lenalidomide,exact,"Azacytidine, 5-",Azacytidine,fuzzy,-12.0865187637421,-3.5623615058543,-5.22360504445193,-3.81651733894149,ALMANAC,-10.001238
398039,HL-60,Pazopanib hydrochloride,Pazopanib (GW786034),exact,"Azacytidine, 5-",Azacytidine,fuzzy,-25.426241667153,12.8067366584782,16.5717757291882,-8.38683170297953,ALMANAC,-8.574999
411817,HL-60,Vemurafenib,Vemurafenib (PLX-4032),exact,Pazopanib hydrochloride,Pazopanib (GW786034),exact,-5.42542344056715,27.8896654926663,26.3149397115678,1.52209686620967,ALMANAC,-10.813233
411993,HL-60,Axitinib,Axitinib (AG-013736),exact,Pazopanib hydrochloride,Pazopanib (GW786034),exact,-22.3693309439938,5.64343764547321,12.6912031806276,-15.6694403408587,ALMANAC,-15.743923
412151,HL-60,Vismodegib,Vismodegib (GDC-0449),exact,Pazopanib hydrochloride,Pazopanib (GW786034),exact,-6.45229328771345,20.9206288023454,21.1534485953619,-2.33760700752542,ALMANAC,-12.871493
412195,HL-60,Crizotinib,Crizotinib (PF-2341066),exact,Pazopanib hydrochloride,Pazopanib (GW786034),exact,-39.6912003735489,3.63796700310182,11.4562153799611,-17.1465477150314,ALMANAC,-10.554299
412426,HL-60,Vandetanib,Vandetanib (ZD6474),exact,Pazopanib hydrochloride,Pazopanib (GW786034),exact,-9.31906618898017,14.4618832687043,20.5645007172729,-9.97710700752543,ALMANAC,-11.239383
412729,HL-60,Ruxolitinib,Ruxolitinib (INCB018424),exact,Pazopanib hydrochloride,Pazopanib (GW786034),exact,5.17389164559404,18.143606981051,20.7471381636197,-8.52529969941095,ALMANAC,-16.931694
425524,HL-60,Vandetanib,Vandetanib (ZD6474),exact,Lenalidomide,Lenalidomide,exact,-13.5805010703579,-6.36224042830386,-1.59678426892743,-13.1562219111111,ALMANAC,-13.651124
425679,HL-60,Vismodegib,Vismodegib (GDC-0449),exact,Lenalidomide,Lenalidomide,exact,-11.3799917123848,-8.82492781304553,-4.47182640038582,-10.9738072666667,ALMANAC,-15.3955965
425750,HL-60,Crizotinib,Crizotinib (PF-2341066),exact,Lenalidomide,Lenalidomide,exact,-19.0034551177925,-2.56066231608853,-4.64796474806742,-5.29772322222222,ALMANAC,-15.625373
425785,HL-60,Axitinib,Axitinib (AG-013736),exact,Lenalidomide,Lenalidomide,exact,-10.5500669376972,-11.5567056062472,-7.52143406330065,-8.01894491111111,ALMANAC,-9.063817
426098,HL-60,Ruxolitinib,Ruxolitinib (INCB018424),exact,Lenalidomide,Lenalidomide,exact,-16.8585386047365,-5.92197061719559,4.93049381075394,-16.3119992744444,ALMANAC,-16.690199
426739,HL-60,Pazopanib hydrochloride,Pazopanib (GW786034),exact,Lenalidomide,Lenalidomide,exact,-25.7644286636254,-4.84718675894427,4.41726048979677,-25.2178893333333,ALMANAC,-13.246524
426830,HL-60,Vemurafenib,Vemurafenib (PLX-4032),exact,Lenalidomide,Lenalidomide,exact,-24.2334495900694,-15.1570497052114,-0.679148671334129,-23.7379986666667,ALMANAC,-13.181392
